Lab number,Field number,Material dated,Taxa dated,Type of date,Locality,Map sheet,Elevation (m ASL),Submitter,Date submitted,Collector,Date collected,Updater,Date updated,Measured age,MA Sigma,Normalized age,NA Sigma,Delta 13C (per mil),Delta 13C Source,Significance,Site identifier,Site name,Latitude,Longitude,Stratigraphic component,Context,Associated taxa,Additional information,Comments,References
Beta-6286,,unknown; inconnu,,,Wasatch? County; Utah,c,,G.F. Dalley,,,,,,,,1190,50,,,Anasazi,42WS1349,Little Man Loc or Hurricane,,,,,,,,Lindsay; 1986
Beta-6287,,unknown; inconnu,,,Wasatch? County; Utah,c,,G.F. Dalley,,,,,,,,760,90,,,Anasazi,42WS1349,Little Man Loc or Hurricane,,,,,,,,Lindsay; 1986
Beta-6288,,unknown; inconnu,,,Wasatch? County; Utah,c,,G.F. Dalley,,,,,,,,1380,70,,,Anasazi,42WS503,Red Cliffs,,,,,,,,Lindsay; 1986
Beta-6289,,unknown; inconnu,,,Wasatch? County; Utah,c,,G.F. Dalley,,,,,,,,1120,50,,,Anasazi,42WS503,Red Cliffs,,,,,,,,Lindsay; 1986
Y-1349,,plant remains; restes de plantes,Juniperus sp. bark,,San Juan County; Utah,e,,W.D. Lipe,,,,,,250,60,250,60,-25,,Anasazi,42SA735,Cave,,,,lining of shallow cist; covered by 30 cm of eolian sand in a dry cave,,,,Stuiver; 1969: 617; Marwitt and Fry; 1973
GaK-2076,,feces; fèces,,,Box Elder County; Utah,a,,C.M. Aikens,,,,,,4490,100,4490,100,-25,,Archaic; anomalous; old; Archaïque; anormal; vieux,42BO36,Hogup Cave,,,Stratum 10,stratum 10; square 95L80 (FS 163),,,,Marwitt and Fry; 1973; Aikens; 1970; Swanson and Muto; 1975: 54; Faunmap 1048
GaK-1570,,bone collagen; collagène osseux,rabbit?,,Box Elder County; Utah,a,,C.M. Aikens,,,,,,3970,100,4050,100,-20,,Archaic; anomalous; young; Archaïque; anormal; jeune,42BO36,Hogup Cave,,,Stratum 2,stratum 2; square 90L95; entire square and thickness of layer (FS 247),,,,Marwitt and Fry; 1973; Aikens; 1970; Swanson and Muto; 1975: 54; Faunmap 1048
GX-1286,,charcoal; charbon de bois,,,Box Elder County; Utah,a,,C.M. Aikens,,,,,,6020,380,6020,380,,,Archaic; anomalous; young; Archaïque; anormal; jeune,42BO36,Hogup Cave,,,Stratum 3,stratum 3; square 100L95 (FS 180),,,,Marwitt and Fry; 1973; Benedict and Olson; 1978; Aikens; 1970; Swanson and Muto; 1975: 54; Faunmap 1048
Beta-8264,,human remains; restes humains,Homo sapiens tissue,,Glen Canyon; Kane County; Utah,u,,P.R. Nickens,,,,,,2420,100,2420,100,,,Basketmaker II,42KA2661,Rock Creek Alcove,,,,partially decomposed body parts of a Basketmaker II burial,,,,Geib; 1996
Beta-30568,,plant remains; restes de plantes,Oryzopsis hymenoides (grass),,Glen Canyon; Kane County; Utah,u,,P.R. Geib,,,,,,,,2320,80,,,Basketmaker II,42KA3384,Doughnut Alcove,,,,cache of three wooden tools wrapped in juniper bark mat and grass; placed in pit with no other evidence of alcove use,,,,Geib; 1996
Beta-47741,,plant remains; restes de plantes,Juniperus sp. bark,,Comb Wash; San Juan County; Utah,a,,P.R. Geib,,,,,,,,1790,90,-25,,Basketmaker II,42SA21153,Turkey Pen,,,,burial; feature 3; originating from unit 5,,,,Geib; 1996
Beta-52165,,plant remains; restes de plantes,Juniperus sp. bark,,Comb Wash; San Juan County; Utah,a,,P.R. Geib,,,,,,,,1870,70,-25,,Basketmaker II,42SA21153,Turkey Pen,,,,large hank of twisted bark found within a looted burial cist; unit 5,,,,Geib; 1996
Beta-74066,,cultigen; cultigène,Zea mays cob,,Comb Wash; San Juan County; Utah,a,,P.R. Geib,,,,,,,,1810,60,-10.5,,Basketmaker II,42SA21153,Turkey Pen,,,,one whole cob from a cache of cobs at the edge of a slab-lined storage cist originating from unit 5,,,,Geib; 1996
Beta-77874,,human remains; restes humains,Homo sapiens tissue,,Comb Wash; San Juan County; Utah,a,,P.R. Geib,,,,,,,,2320,50,-19.7,,Basketmaker II,42SA21153,Turkey Pen,,,,burial under a large roof spall; the pit cutting through early Archaic deposits into underlying sterile; originating from unit 5,,,,Geib; 1996
GX-2141,,charcoal; charbon de bois,,,Glen Canyon; San Juan County; Utah,a,,R.G. Matson,,,,,,,,1570,80,-25,,Basketmaker II,GG-69-18,Pittman,,,,pithouse,,,,Berry and Berry; 1986
GX-2142,,charcoal; charbon de bois,,,Glen Canyon; San Juan County; Utah,a,,R.G. Matson,,,,,,,,1708,80,-25,,Basketmaker II,GG-69-18,Pittman,,,,slab-lined hearth built in fill of Basketmaker II pithouse,,,,Berry and Berry; 1986; Geib; 1996
RL-175,,cultigen; cultigène,Zea mays cobs,,Emery County; Utah,a,,J.C. Winter,,,,,,1490,100,1740,100,-10,,Basketmaker II,42EM177,Clydes Cavern,,,,near surface of level 2,,,,Winter and Wylie; 1974; Faunmap 1529; Berry; 1985; Berry and Berry; 1976; 1986
RL-240,,charcoal; charbon de bois,,,San Juan County; Utah,a,,H.J. Hall,,,,,,,,2050,120,-25,,Basketmaker II,42SA-?,Dust Devil Cave (NA7613),,,,fire pit in a circular pithouse with no associated ceramics,,,,Berry and Berry; 1976; 1986
Tx-452,,charcoal; charbon de bois,,,7.5 miles northeast of the summit of Navajo Mountain; Rainbow Plateau; San Juan County; Utah,e,,A.J. Lindsay,,,,,1999-03-05,1820,80,1820,80,-25,,Basketmaker II,42SA-?,Dust Devil Cave (NA7613),,,,Hearth 3 of alcove outside cave proper; with no certain associations,,,,Geib; 1996; Berry and Berry; 1976; Valastro and Davis; 1970: 276
WSU-2750,,charcoal; charbon de bois,,,San Juan County; Utah,a,,R.G. Matson,,,,,,1860,45,1860,45,-25,,Basketmaker II,42SA21153,Turkey Pen,,,,stratum C,,,,Geib; 1996
WSU-2751,,charcoal; charbon de bois,,,San Juan County; Utah,a,,R.G. Matson,,,,,,1925,55,1925,55,-25,,Basketmaker II,42SA21153,Turkey Pen,,,,stratum A,,,,Geib; 1996
WSU-2759,,charcoal; charbon de bois,,,San Juan County; Utah,a,,R.G. Matson,,,,,,2065,50,2065,50,-25,,Basketmaker II,42SA21153,Turkey Pen,,,,stratum B,,,,Geib; 1996
WSU-3512,,cultigen; cultigène,Zea mays,,San Juan County; Utah,a,,R.G. Matson,,,,,,1730,60,1980,60,-10,,Basketmaker II,42SA21153,Turkey Pen,,,,near top of stratum A-6,,,,Geib; 1996
WSU-3513,,cultigen; cultigène,Zea mays,,San Juan County; Utah,a,,R.G. Matson,,,,,,1800,80,2050,80,-10,,Basketmaker II,42SA21153,Turkey Pen,,,,stratum C-4,,,,Geib; 1996
Y-1350,,charcoal; charbon de bois,,,San Juan County; Utah,e,,W.D. Lipe,,,,,,1700,80,1700,80,-25,,Basketmaker II,42SA363,Lone Tree Dune,,,,charred beam in fill of shallow slab-lined Basketmaker II pithouse with a slab-lined entrance,,,,Stuiver; 1969: 617; Geib; 1996; Marwitt and Fry; 1973
GX-2074,,charcoal; charbon de bois,,,Glen Canyon; San Juan County; Utah,a,,R.G. Matson,,,,,,,,1870,100,-25,,Basketmaker II; anomalous; old; anormal; vieux,GG-69-18,Pittman,,,,extramural hearth associated with pithouse,,,,Berry and Berry; 1986; Geib; 1996
GX-2072,,charcoal; charbon de bois,,,Glen Canyon; San Juan County; Utah,a,,R.G. Matson,,,,,,,,1655,80,-25,,Basketmater II,GG-69-1,Verres Pithouse,,,,burned superstructure of Basketmaker II pithouse,,,,Berry and Berry; 1986; Geib; 1996
GX-2075,,charcoal; charbon de bois,,,Glen Canyon; San Juan County; Utah,a,,,,,,,,,,1610,95,-25,,Basketmater III,GG-70-187,,,,,Basketmaker III site,,,,Berry and Berry; 1986
GX-2076,,charcoal; charbon de bois,,,Glen Canyon; San Juan County; Utah,a,,,,,,,,,,1510,100,-25,,Basketmater III,GG-70-187,,,,,Basketmaker III site,,,,Berry and Berry; 1986
Beta-16274,,unknown; inconnu,,,Glen Canyon; Kane County; Utah,u,,P.W. Bungart,,,,,,,,1060,80,,,cultural?; culturel?,42KA2756,Co-op,,,,stratigraphically above the hearth dated by GX-11339,,,,Geib; 1996
GX-11338,,unknown; inconnu,,,Glen Canyon; Kane County; Utah,u,,P.W. Bungart,,,,,,,,1290,75,,,cultural?; culturel?,42KA2756,Co-op,,,,stratigraphically above the hearth dated by GX-11339,,,,Geib; 1996
A-495,,charcoal; charbon de bois,,,Glen Canyon; San Juan County; Utah,a,,A.J. Lindsay,,,,,,1510,80,1510,80,-25,,culture?,42SA-?,Dust Devil Cave (NA7613),,,,hearth buried 120 cm beneath the surface in sandy Quaternary detritus beneath a cliff,,,,Berry and Berry; 1986; Haynes et al.; 1966: 19
AA-5224,,cultigen; cultigène,Zea mays kernels,,Garfield County; Utah,a,,P.R. Geib,,,,,,,,1600,50,-10.3,,culture?,42GA288,Triangle Cave,,,,kernels (FS 137.19) from cache of five maize ears in stratum 1,,,,Geib; 1996
AA-10373,,cultigen; cultigène,Zea mays cob,,Glen Canyon; Kane County; Utah,a,,P.R. Geib,,,,,,,,1735,50,-10,,culture?,42KA172,Alvey,,,,FS 124.1 from feature 47; level 1,,,,Geib; 1996
AA-10374,,cultigen; cultigène,Zea mays cob,,Glen Canyon; Kane County; Utah,a,,P.R. Geib,,,,,,,,1755,50,-10,,culture?,42KA172,Alvey,,,,FS 126.1 from feature 47; level 1,,,,Geib; 1996
AA-10375,,cultigen; cultigène,Zea mays cob,,Glen Canyon; Kane County; Utah,a,,P.R. Geib,,,,,,,,1830,50,-10,,culture?,42KA172,Alvey,,,,FS 152.3 from feature 56; level 1,,,,Geib; 1996
Beta-1232,,charcoal; charbon de bois,,,Glen Canyon; Kane County; Utah,a,,B.L. Tipps,,,,,,,,3760,75,-25,,culture?,42KA265,Captains Alcove,,,,hearth 1; occupation A; subarea 2 of shelter,,,,Geib; 1996
Beta-1748,,charcoal; charbon de bois,,,Glen Canyon; Kane County; Utah,a,,B.L. Tipps,,,,,,,,2735,115,-25,,culture?,42KA265,Captains Alcove,,,,hearth 2; occupation B; subarea 2 of shelter,,,,Geib; 1996
Beta-1749,,charcoal; charbon de bois,,,Glen Canyon; Kane County; Utah,a,,B.L. Tipps,,,,,,,,2445,85,-25,,culture?,42KA265,Captains Alcove,,,,hearth 3; occupation B; subarea 2 of shelter,,,,Geib; 1996
Beta-1750,,charcoal; charbon de bois,,,Glen Canyon; Kane County; Utah,a,,B.L. Tipps,,,,,,,,2720,205,-25,,culture?,42KA265,Captains Alcove,,,,hearth 2; occupation B; subarea 2 of shelter,,,,Geib; 1996
Beta-12657,,charcoal; charbon de bois,,,McElmo Creek; San Juan County; Utah,a,,,,,,,,,,1380,60,,,culture?,42SA16823,,,,,hearth,,,,Kearns et al.; 1990
Beta-16268,,charcoal; charbon de bois,,,Garfield County; Utah,u,,P.W. Bungart,,,,,,,,1850,140,-25,,culture?,42GA3048,,,,,hearth 1,,,,Geib; 1996; Tipps; 1995
Beta-16271,,charcoal; charbon de bois,,,Glen Canyon; Kane County; Utah,u,,P.R. Geib,,,,,,,,1670,70,,,culture?,42KA2745,Meister Knapper,,,,slab-lined hearth at locus B,,,,Geib; 1996
Beta-16272,,charcoal; charbon de bois,,,Glen Canyon; Kane County; Utah,u,,P.R. Geib,,,,,,,,1800,100,-25,,culture?,42KA2751,Sunny Beaches,,,,basin hearth associated with Rose Spring corner-notched points,,,,Geib; 1996
Beta-16277,,charcoal; charbon de bois,,,Glen Canyon; Kane County; Utah,u,,P.R. Geib,,,,,,,,1730,70,-25,,culture?,42KA2773,,,,,slab-lined hearth,,,,Geib; 1996
Beta-16587,,charcoal; charbon de bois,,,Glen Canyon; Kane County; Utah,u,,K.C. Anderson,,,,,,,,1750,90,-25,,culture?,42KA2731,,,,,thin lens of sparse charcoal buried in alluvium,,,,Geib; 1996
Beta-16596,,charcoal; charbon de bois,,,San Juan County; Utah,u,,B.L. Tipps,,,,,,,,8330,110,-25,,culture?,42SA17215,,,,,,,,,Geib; 1996
Beta-16667,,charcoal; charbon de bois,,,Wayne County; Utah,a,,L.D. Agenbroad,,,,,,,,3180,140,-25,,culture?,42WN1666,Down Wash,,,,hearth exposed in arroyo cut of Locus C; with no associated diagnostics,,,,Geib; 1996
Beta-18736,,charcoal; charbon de bois,,,San Juan County; Utah,u,,B.L. Tipps,,,,,,,,6580,100,-25,,culture?,42SA17790,,,,,,,,,Geib; 1996
Beta-18737,,charcoal; charbon de bois,,,San Juan County; Utah,u,,B.L. Tipps,,,,,,,,8340,290,-25,,culture?,42SA17107,,,,,,,,,Geib; 1996
Beta-19284,,charcoal; charbon de bois,,,San Juan County; Utah,u,,B.L. Tipps,,,,,,,,1720,80,-25,,culture?,42SA17216,,,,,,,,,Geib; 1996
Beta-19285,,charcoal; charbon de bois,,,San Juan County; Utah,u,,B.L. Tipps,,,,,,,,8100,220,-25,,culture?,42SA17216,,,,,,,,,Geib; 1996
Beta-19514,,charcoal; charbon de bois,,,Glen Canyon; Kane County; Utah,u,,P.R. Geib,,,,,,,,2310,90,-25,,culture?,42KA2730,Sifted Shelter,,,,layer of burned plant remains; perhaps a burned brush structure; largely destroyed by looters,,,,Geib; 1996
Beta-20466,,charcoal; charbon de bois,,,San Juan County; Utah,u,,,,,,,,,,1730,70,-25,,culture?,42SA5800,Murphy,,,,,,,,Geib; 1996
Beta-20467,,charcoal; charbon de bois,,,San Juan County; Utah,u,,,,,,,,,,2740,60,-25,,culture?,42SA5800,Murphy,,,,,,,,Geib; 1996
Beta-20469,,charcoal; charbon de bois,,,San Juan County; Utah,u,,,,,,,,,,2160,100,-25,,culture?,42SA415,Willow Seep,,,,,,,,Geib; 1996
Beta-20669,,charcoal; charbon de bois,,,Garfield County; Utah,u,,B.L. Tipps,,,,,,,,2250,70,-25,,culture?,42GA3122,Long Canyon Dune,,,,hearth; with no associated diagnostics,,,,Geib; 1996
Beta-20671,,charcoal; charbon de bois,,,Garfield County; Utah,u,,B.L. Tipps,,,,,,,,1550,60,-25,,culture?,42GA3132,Casa del Fuego,,,,burned pithouse with both Elko and Rosegate (Rose Springs) points,,,,Geib; 1996
Beta-20673,,charcoal; charbon de bois,,,Garfield County; Utah,u,,B.L. Tipps,,,,,,,,770,60,-25,,culture?,42GA3138,Horse Canyon Rock Shelter,,,,stratum 4,,,,Geib; 1996
Beta-21207,,charcoal; charbon de bois,,,Wayne County; Utah,a,,J.C. Horn,,,,,,,,1960,60,-25,,culture?,42WN1666,Down Wash,,,,hearth exposed in cutbank of Locus C; with no associated diagnostics,,,,Geib; 1996
Beta-21208,,charcoal; charbon de bois,,,San Juan County; Utah,u,,B.L. Tipps,,,,,,,,2080,60,-25,,culture?,42SA17141,,,,,slab-lined hearth at open site with no certain associations,,,,Geib; 1996
Beta-24478,,charcoal; charbon de bois,,,San Juan County; Utah,u,,A.J. Osborn,,,,,,,,2990,70,-25,,culture?,42SA17597,White Crack,,,,fine disseminated charcoal from a large diffuse charcoal stain; feature 34,,,,Geib; 1996
Beta-27897,,charcoal; charbon de bois,,,Garfield County; Utah,u,,P.W. Bungart,,,,,,,,3240,60,-25,,culture?,42GA3205,,,,,hearth 2,,,,Geib; 1996; Tipps; 1995
Beta-28322,,charcoal; charbon de bois,,,Garfield County; Utah,u,,P.W. Bungart,,,,,,,,2670,90,-25,,culture?,42GA3205,,,,,hearth 1,,,,Geib; 1996; Tipps; 1995
Beta-28769,,charcoal; charbon de bois,,,Garfield County; Utah,u,,P.W. Bungart,,,,,,,,1570,100,-25,,culture?,42GA3082,,,,,hearth 1,,,,Geib; 1996; Tipps; 1995
Beta-28770,,charcoal; charbon de bois,,,Garfield County; Utah,u,,P.W. Bungart,,,,,,,,1650,100,-25,,culture?,42GA3035,,,,,hearth 2,,,,Geib; 1996; Tipps; 1995
Beta-31185,,charcoal; charbon de bois,,,Garfield County; Utah,u,,P.W. Bungart,,,,,,,,2850,70,-25,,culture?,42GA3084,,,,,hearth 1,,,,Geib; 1996; Tipps; 1995
Beta-31187,,charcoal; charbon de bois,,,Garfield County; Utah,u,,P.W. Bungart,,,,,,,,2160,90,-25,,culture?,42GA3199,,,,,hearth 1,,,,Geib; 1996; Tipps; 1995
Beta-31188,,charcoal; charbon de bois,,,Garfield County; Utah,u,,P.W. Bungart,,,,,,,,1520,60,-25,,culture?,42GA3199,,,,,hearth 2,,,,Geib; 1996; Tipps; 1995
Beta-31189,,charcoal; charbon de bois,,,Garfield County; Utah,u,,P.W. Bungart,,,,,,,,2530,70,-25,,culture?,42GA3202,,,,,hearth 4,,,,Geib; 1996; Tipps; 1995
Beta-31790,,charcoal; charbon de bois,,,San Juan County; Utah,u,,B.L. Tipps,,,,,,,,5890,70,-25,,culture?,42SA17107,,,,,,,,,Geib; 1996
Beta-31962,,charcoal; charbon de bois,,,San Juan County; Utah,u,,B.L. Tipps,,,,,,,,2070,70,-25,,culture?,42SA21091,,,,,,,,,Geib; 1996
Beta-31963,,charcoal; charbon de bois,,,San Juan County; Utah,u,,B.L. Tipps,,,,,,,,6290,110,-25,,culture?,42SA21095,,,,,,,,,Geib; 1996
Beta-31964,,charcoal; charbon de bois,,,San Juan County; Utah,u,,B.L. Tipps,,,,,,,,1670,80,-25,,culture?,42SA21117,,,,,,,,,Geib; 1996
Beta-31974,,plant remains; restes de plantes,,,Glen Canyon; Kane County; Utah,u,,P.R. Geib,,,,,,,,1720,140,-23.5,,culture?,42KA2737,Square Cist Alcove,,,,basket fragment; close coiled; half rod and bundle stacked foundation with stitches intentionally split on both surfaces,,,,Geib; 1996
Beta-32025,,charcoal; charbon de bois,,,Garfield County; Utah,u,,P.W. Bungart,,,,,,,,3230,140,-25,,culture?,42GA3086,,,,,hearth 1,,,,Geib; 1996; Tipps; 1995
Beta-32026,,charcoal; charbon de bois,,,Garfield County; Utah,u,,P.W. Bungart,,,,,,,,2950,100,-25,,culture?,42GA3206,,,,,hearth 2,,,,Geib; 1996; Tipps; 1995
Beta-32292,,keratin; kératine,horn,,Grand County; Utah,a,,J.I. Mead,,,,,,,,405,60,,,culture?,42GR538,Bison Alcove,,,,,,,,Faunmap 1493
Beta-32293,,keratin; kératine,hoof,,Grand County; Utah,a,,J.I. Mead,,,,,,,,355,60,,,culture?,42GR538,Bison Alcove,,,,,,,,Faunmap 1493
Beta-32294,,plant remains; restes de plantes,,,Grand County; Utah,a,,J.I. Mead,,,,,,590,65,590,65,-25,,culture?,42GR538,Bison Alcove,,,,,,,,Faunmap 1493
Beta-32295,,keratin; kératine,horn,,Grand County; Utah,a,,J.I. Mead,,,,,,,,405,65,,,culture?,42GR538,Bison Alcove,,,,,,,,Faunmap 1493
Beta-33355,,charcoal; charbon de bois,,,San Juan County; Utah,u,,B.L. Tipps,,,,,,,,4510,130,-25,,culture?,42SA-?,Dust Devil Cave (NA7613),,,,,,,,Geib; 1996
Beta-34244,,charcoal; charbon de bois,,,Wayne County; Utah,a,,J.C. Horn,,,,,,,,2010,70,-25,,culture?,42WN1666,Down Wash,,,,stratum 6; feature 1; a hearth with no associated diagnostics,,,,Geib; 1996
Beta-34247,,charcoal; charbon de bois,,,Wayne County; Utah,a,,J.C. Horn,,,,,,,,1640,60,-25,,culture?,42WN1666,Down Wash,,,,stratum 6; feature 2; a slab-lined hearth; upper fill,,,,Geib; 1996
Beta-34251,,charcoal; charbon de bois,,,Wayne County; Utah,a,,J.C. Horn,,,,,,,,2280,90,-25,,culture?,42WN1666,Down Wash,,,,stratum 7; feature 9; a hearth with no associated diagnostics,,,,Geib; 1996
Beta-34252,,charcoal; charbon de bois,,,Wayne County; Utah,a,,J.C. Horn,,,,,,,,2180,60,-25,,culture?,42WN1666,Down Wash,,,,stratum 8; feature 13; a hearth with no associated diagnostics,,,,Geib; 1996
Beta-34253,,charcoal; charbon de bois,,,Wayne County; Utah,a,,J.C. Horn,,,,,,,,1890,70,-25,,culture?,42WN1666,Down Wash,,,,stratum 7; feature 10; a hearth with no associated diagnostics,,,,Geib; 1996
Beta-34254,,charcoal; charbon de bois,,,Wayne County; Utah,a,,J.C. Horn,,,,,,,,2140,70,-25,,culture?,42WN1666,Down Wash,,,,stratum 6; feature 12; a hearth with no associated diagnostics,,,,Geib; 1996
Beta-34255,,charcoal; charbon de bois,,,Wayne County; Utah,a,,J.C. Horn,,,,,,,,3110,170,-25,,culture?,42WN1666,Down Wash,,,,stratum 9; feature 11; a hearth with no associated diagnostics,,,,Geib; 1996
Beta-34256,,charcoal; charbon de bois,,,Wayne County; Utah,a,,J.C. Horn,,,,,,,,3750,120,-25,,culture?,42WN1666,Down Wash,,,,stratum 11; loose charcoal; with no associated diagnostics,,,,Geib; 1996
Beta-34257,,charcoal; charbon de bois,,,Wayne County; Utah,a,,J.C. Horn,,,,,,,,3500,150,-25,,culture?,42WN1666,Down Wash,,,,stratum 11A; loose charcoal; with no associated diagnostics,,,,Geib; 1996
Beta-34258,,charcoal; charbon de bois,,,Wayne County; Utah,a,,J.C. Horn,,,,,,,,4070,140,-25,,culture?,42WN1666,Down Wash,,,,stratum 11A; feature 14; a hearth with no associated diagnostics,,,,Geib; 1996
Beta-34259,,charcoal; charbon de bois,,,Wayne County; Utah,a,,J.C. Horn,,,,,,,,2200,80,-25,,culture?,42WN1666,Down Wash,,,,stratum 8; feature 15; a hearth with no associated diagnostics,,,,Geib; 1996
Beta-34260,,charcoal; charbon de bois,,,Wayne County; Utah,a,,J.C. Horn,,,,,,,,1790,100,-25,,culture?,42WN1666,Down Wash,,,,stratum 6; feature 7; a hearth with no associated diagnostics,,,,Geib; 1996
Beta-34934,,cultigen; cultigène,Zea mays,,Garfield County; Utah,u,,P.R. Geib,,,,,,,,1520,100,-11.5,,culture?,42GA102,Sheep Horn Alcove,,,,,,,,Geib; 1996
Beta-34935,,cultigen; cultigène,Zea mays,,Garfield County; Utah,u,,P.R. Geib,,,,,,,,1180,70,-11.9,,culture?,42GA102,Sheep Horn Alcove,,,,,,,,Geib; 1996
Beta-34936,,cultigen; cultigène,Zea mays cobs,,Garfield County; Utah,u,,P.R. Geib,,,,,,,,1640,80,-12,,culture?,42GA103,Pantry Alcove,,,,cobs (FS 49.1) from fill of cist 7; feature 3a,,,,Geib; 1996
Beta-34937,,cultigen; cultigène,Zea mays,,Garfield County; Utah,u,,P.R. Geib,,,,,,,,1570,70,-12.1,,culture?,42GA103,Pantry Alcove,,,,,,,,Geib; 1996
Beta-34938,,cultigen; cultigène,Zea mays,,Garfield County; Utah,a,,P.R. Geib,,,,,,,,1570,80,-10.1,,culture?,42GA288,Triangle Cave,,,,,,,,Geib; 1996
Beta-34939,,cultigen; cultigène,Zea mays,,Garfield County; Utah,a,,P.R. Geib,,,,,,,,1270,70,-11.2,,culture?,42GA288,Triangle Cave,,,,,,,,Geib; 1996
Beta-34940,,cultigen; cultigène,Zea mays,,Garfield County; Utah,a,,P.R. Geib,,,,,,,,1480,50,-11,,culture?,42GA288,Triangle Cave,,,,,,,,Geib; 1996
Beta-34941,,cultigen; cultigène,Zea mays cob,,Garfield County; Utah,a,,P.R. Geib,,,,,,,,1770,90,-11.2,,culture?,42GA288,Triangle Cave,,,,cob (FS 161.1) from floor of structure; feature 19; in stratum 1,,,,Geib; 1996
Beta-34942,,cultigen; cultigène,Zea mays cob,,Glen Canyon; Kane County; Utah,a,,P.R. Geib,,,,,,,,1690,80,-11.1,,culture?,42KA172,Alvey,,,,FS 86; from feature 31; level 2,,,,Geib; 1996
Beta-34943,,cultigen; cultigène,Zea mays,,Glen Canyon; Kane County; Utah,a,,P.R. Geib,,,,,,,,970,100,-10.6,,culture?,42KA172,Alvey,,,,,,,,Geib; 1996
Beta-34945,,cultigen; cultigène,Zea mays,,Glen Canyon; Kane County; Utah,a,,P.R. Geib,,,,,,,,1420,70,-9.8,,culture?,42KA178,Gates Roost,,,,,,,,Geib; 1996
Beta-34978,,charcoal; charbon de bois,,,San Juan County; Utah,u,,B.L. Tipps,,,,,,,,3710,230,-25,,culture?,42SA20309,,,,,,,,,Geib; 1996
Beta-35318,,charcoal; charbon de bois,,,Garfield County; Utah,u,,B.L. Tipps,,,,,,,,1380,70,-25,,culture?,42GA3138,Horse Canyon Rock Shelter,,,,stratum 3,,,,Geib; 1996
Beta-35319,,charcoal; charbon de bois,,,Garfield County; Utah,u,,B.L. Tipps,,,,,,,,2760,100,-25,,culture?,42GA3138,Horse Canyon Rock Shelter,,,,hearth; bottom of stratum 2; with no associated diagnostics,,,,Geib; 1996
Beta-35560,,charcoal; charbon de bois,,,Garfield County; Utah,u,,B.L. Tipps,,,,,,,,1580,60,-25,,culture?,42GA3132,Casa del Fuego,,,,burned pithouse with both Elko and Rosegate (Rose Springs) points,,,,Geib; 1996
Beta-35561,,charcoal; charbon de bois,,,Garfield County; Utah,u,,B.L. Tipps,,,,,,,,4980,130,-25,,culture?,42GA3133,Durffey's Kitchen,,,,hearth; with no associated diagnostics,,,,Geib; 1996
Beta-39256,,charcoal; charbon de bois,,,Garfield County; Utah,u,,B.L. Tipps,,,,,,,,2320,60,-25,,culture?,42GA3138,Horse Canyon Rock Shelter,,,,hearth; middle of stratum 2; with no associated diagnostics,,,,Geib; 1996
Beta-47893,,cultigen; cultigène,Zea mays,,7.5 miles northeast of the summit of Navajo Mountain; Rainbow Plateau; San Juan County; Utah,e,,A.J. Lindsay,,,,,1999-03-05,,,1480,80,-11.9,,culture?,42SA-?,Dust Devil Cave (NA7613),,,,C10; Vc,,,,Geib; 1996
Beta-47894,,cultigen; cultigène,Zea mays,,7.5 miles northeast of the summit of Navajo Mountain; Rainbow Plateau; San Juan County; Utah,e,,A.J. Lindsay,,,,,1999-03-05,,,1370,70,-12.1,,culture?,42SA-?,Dust Devil Cave (NA7613),,,,C10; VIb,,,,Geib; 1996
Beta-57401,,charcoal; charbon de bois,,,San Juan County; Utah,u,,A.D. Reed,,,,,,,,2040,80,-25,,culture?,42SA8477,Shadow Shelter,,,,shallow hearth; feature 1; 95 cm below datum,,,,Geib; 1996
Beta-57402,,charcoal; charbon de bois,,,San Juan County; Utah,u,,A.D. Reed,,,,,,,,3130,70,-25,,culture?,42SA8477,Shadow Shelter,,,,scattered charcoal; 92 cm below datum,,,,Geib; 1996
Beta-57404,,charcoal; charbon de bois,,,San Juan County; Utah,u,,A.D. Reed,,,,,,,,3180,270,-25,,culture?,42SA8477,Shadow Shelter,,,,hearth; feature 4; 110 cm below datum,,,,Geib; 1996
Beta-67495,,cultigen; cultigène,Zea mays cob,,Garfield County; Utah,u,,P.R. Geib,,,,,,,,1720,60,-12,,culture?,42GA105,Dry Laid Heaven,,,,surface of site; disturbed context,,,,Geib; 1996
Beta-67497,,charcoal; charbon de bois,,,Garfield County; Utah,u,,P.R. Geib,,,,,,,,1690,50,-25,,culture?,42GA3303,Data Bank,,,,hearth buried in alluvium; ca. 80 cm below terrace top,,,,Geib; 1996
Beta-67498,,charcoal; charbon de bois,,,Garfield County; Utah,u,,P.R. Geib,,,,,,,,1690,90,-25,,culture?,42GA3303,Data Bank,,,,hearth buried in alluvium; ca. 50 cm below terrace top,,,,Geib; 1996
Beta-67502,,charcoal; charbon de bois,,,San Juan County; Utah,u,,P.R. Geib,,,,,,,,2090,50,-25,,culture?,42SA20804,Frog on a Stick,,,,hearth exposed by erosion,,,,Geib; 1996
Beta-78337,,charcoal; charbon de bois,,,Glen Canyon; Kane County; Utah,u,,P.R. Geib,,,,,,,,4250,50,-25,,culture?,42KA3711,Vandals Hearth,,,,hearth disturbed by vandals,,,,Geib; 1996
Beta-78338,,charcoal; charbon de bois,,,Glen Canyon; Kane County; Utah,u,,P.R. Geib,,,,,,,,4070,50,-25,,culture?,42KA3711,Vandals Hearth,,,,hearth disturbed by vandals,,,,Geib; 1996
Beta-78339,,charcoal; charbon de bois,,,Glen Canyon; Kane County; Utah,u,,P.R. Geib,,,,,,,,2400,50,-25,,culture?,42KA4116,,,,,,,,,Geib; 1996
Beta-112580,,cultigen; cultigène,Zea mays cob,,Cottonwood Wash; San Juan County; Utah,a,,C.M. Cameron,,,,,,,,870,70,-13.3,,culture?,42SA22674,Bluff Great House,,,,TU 25; level 13; stratum V; burned layer,,,,Cameron; 2002
Beta-112582,,cultigen; cultigène,Zea mays cob,,Cottonwood Wash; San Juan County; Utah,a,,C.M. Cameron,,,,,,,,850,40,-10.2,,culture?,42SA22674,Bluff Great House,,,,TU 25; level 13; stratum V; burned layer,,,,Cameron; 2002
Beta-112583,,cultigen; cultigène,Zea mays cob,,Cottonwood Wash; San Juan County; Utah,a,,C.M. Cameron,,,,,,,,1190,80,-12.6,,culture?,42SA22674,Bluff Great House,,,,TU 25; level 13; stratum V; burned layer,,,,Cameron; 2002
Beta-122103,,cultigen; cultigène,Zea mays cob fragment,,Cottonwood Wash; San Juan County; Utah,a,,C.M. Cameron,,,,,,,,1040,40,-11.3,,culture?,42SA22674,Bluff Great House,,,,TU 43; layer 5; stratum V; burned layer,,,,Cameron; 2002
Beta-122104,,cultigen; cultigène,Zea mays cob fragment,,Cottonwood Wash; San Juan County; Utah,a,,C.M. Cameron,,,,,,,,940,60,-10.3,,culture?,42SA22674,Bluff Great House,,,,TU 43; layer 6; stratum V; below burned layer,,,,Cameron; 2002
Beta-122105,,cultigen; cultigène,Zea mays cob shank,,Cottonwood Wash; San Juan County; Utah,a,,C.M. Cameron,,,,,,,,920,40,-10.5,,culture?,42SA22674,Bluff Great House,,,,TU 43; layer 6; stratum V; below burned layer,,,,Cameron; 2002
Beta-122581,,cultigen; cultigène,Zea mays cob,,Cottonwood Wash; San Juan County; Utah,a,,C.M. Cameron,,,,,,,,850,40,-11.3,,culture?,42SA22674,Bluff Great House,,,,TU 25; level 13; stratum V; burned layer,,,,Cameron; 2002
GX-1124,,charred bison bone; os carbonisé de bison,Bison sp.,,Rich County; Utah,a,,W.F. Shields,,,,,,1335,90,1415,90,-20,,culture?,42RI1,Woodruff Bison Kill,,,,bone deposit,,,,Marwitt and Fry; 1973; Shields; 1978; Faunmap 1451
GX-11146,,charcoal; charbon de bois,,,Glen Canyon; Kane County; Utah,u,,K.C. Anderson,,,,,,,,5300,235,-25,,culture?,42KA2771,,,,,lens of dense charcoal-stained soil within a cultural stratum buried in dune sand; with flaked lithics and grinding tools,,,,Geib; 1996
RL-356,,charcoal; charbon de bois,,,Emery County; Utah,e,,E.I. DuBloois,,,,,1999-04-02,8210,220,8210,220,-25,,culture?,42EM-?,Joe's Valley Alcove,,,,Bed I; Level 0; 160 cm above datum; 535 cm south of datum; 176 cm east of base line,,,,Tucek; 1977: 251
UGa-3254,,wood; bois,,,Glen Canyon; Kane County; Utah,a,,B.L. Tipps,,,,,,,,3145,105,-25,,culture?,42KA265,Captains Alcove,,,,small log from the lowest layer of test pit 8 in subarea 2 of the shelter; thought to be associated with occupation A,,,,Geib; 1996
Beta-34944,,cultigen; cultigène,Zea mays cob,,Glen Canyon; Kane County; Utah,a,,P.R. Geib,,,,,,,,2260,90,-10.8,,culture?; anomalous; old; anormal; vieux,42KA172,Alvey,,,,FS 126.2; from feature 47; level 1,,,,Geib; 1996
RL-476,,charcoal; charbon de bois,,,Sevier County; Utah,e,,J.D. Jennings,,,,,,7900,190,7900,190,-25,,Early Archaic; anomalous; old; Archaïque inférieur; anormal; vieux,42SV6,Sudden Shelter,,,Stratum 4,surface of stratum 4,,,,Berry and Berry; 1986; Jennings et al.; 1980; Faunmap 1153
A-848,,plant remains; restes de plantes,Sporobolus sp.?,,4.25 miles northeast of the summit of Navajo Mountain; on the northeast side of a tributary of Cottonwood Creek; San Juan County; Utah,e,,A.J. Lindsay,,,,,,7540,120,7740,120,-12,,Early Archaic; Archaïque inférieur,42SA-?,Dust Devil Cave (NA7613),,,,grass lining of open-twined sandal,,,,Geib; 1996; 2000
A-849,,plant remains; restes de plantes,Yucca sp.,,4.25 miles northeast of the summit of Navajo Mountain; on the northeast side of a tributary of Cottonwood Creek; San Juan County; Utah,e,,A.J. Lindsay,,,,,,,,7700,120,-25,,Early Archaic; Archaïque inférieur,42SA-?,Dust Devil Cave (NA7613),,,,two open-twined sandal fragments; stratum 5,,,,Geib; 1996; 2000
A-850,,plant remains; restes de plantes,Yucca sp.,,4.25 miles northeast of the summit of Navajo Mountain; on the northeast side of a tributary of Cottonwood Creek; San Juan County; Utah,e,,A.J. Lindsay,,,,,,,,7150,130,-25,,Early Archaic; Archaïque inférieur,42SA-?,Dust Devil Cave (NA7613),,,,open-twined sandal fragment; stratum 5,,,,Geib; 1996; 2000
Beta-8623,,charcoal; charbon de bois,,,Glen Canyon; Kane County; Utah,u,,P.R. Nickens,,,,,,,,8660,80,-25,,Early Archaic; Archaïque inférieur,42KA2661,Rock Creek Alcove,,,,loose charcoal scattered in fill of tested area in alcove; with no clear associations but likely cultural,,,,Geib; 1996
Beta-31191,,plant remains; restes de plantes,Yucca sp.,,southern Henry Mountains; Garfield County; Utah,a,,P.R. Geib,,,,,,,,7560,130,-21.4,,Early Archaic; Archaïque inférieur,42GA3411,Good Hope Alcove,,,,open-twined sandal fragment from buried cultural deposits exposed at front of alcove due to erosion; with a mano; grinding slabs; and flakes,,,,Geib; 1996; 2000
Beta-31192,,plant remains; restes de plantes,Yucca sp.,,The Spur; Wayne County; Utah,a,,P.R. Geib,,,,,,,,8280,160,-22.3,,Early Archaic; Archaïque inférieur,42WN1779,Rock Bar Alcove,,,,open-twined sandal fragments from buried cultural deposit exposed in from of the alcove due to erosion,,,,Geib; 1996; 2000
Beta-40116,,plant remains; restes de plantes,Yucca sp.,,Comb Wash; San Juan County; Utah,a,,P.R. Geib,,,,,,,,7440,100,-22.1,,Early Archaic; Archaïque inférieur,42SA21153,Turkey Pen,,,,open-twined sandal (ECPR 84.6) found on looter's backdirt; assigned to unit 3a on the basis of age,,,,Geib; 1996; 2000
Beta-47007,,charcoal; charbon de bois,,,Comb Wash; San Juan County; Utah,a,,P.R. Geib,,,,,,,,7790,80,-25,,Early Archaic; Archaïque inférieur,42SA21153,Turkey Pen,,,,hearth; feature 12; excavated into precultural alluvial sand; unit 2; marking the start of cultural deposit at the site; unit 3a,,,,Geib; 1996
Beta-47742,,plant remains; restes de plantes,Sporobolus sp. (grass),,Comb Wash; San Juan County; Utah,a,,P.R. Geib,,,,,,,,7560,90,-12.8,,Early Archaic; Archaïque inférieur,42SA21153,Turkey Pen,,,,chaff from lowest midden deposits; feature 11; in south-central portion of site; unit 3a,,,,Geib; 1996
Beta-64369,,charcoal; charbon de bois,,,Camels Back Ridge; Tooele County; Utah,e,,D.N. Schmitt,,,,,,,,7350,220,,,Early Archaic; Archaïque inférieur,42TO-?,Sandwich Shelter,,,,hearth; top of stratum 4; minimum age of fauna,,,,Schmitt et al.; 2002
Beta-74067,,human feces; féces humaine,Homo sapiens,,Comb Wash; San Juan County; Utah,a,,P.R. Geib,,,,,,,,7680,90,-13.1,,Early Archaic; Archaïque inférieur,42SA21153,Turkey Pen,,,,one of several human feces recovered from a large crack in massive roof spall used as a living surface; unit 3a,,,,Geib; 1996
Beta-77868,,plant remains; restes de plantes,Yucca sp.,,Comb Wash; San Juan County; Utah,a,,P.R. Geib,,,,,,,,7490,60,-26.2,,Early Archaic; Archaïque inférieur,42SA21153,Turkey Pen,,,,poorly preserved open-twined sandals (PN 153.1); unit 3a,,,,Geib; 1996; 2000
Beta-77870,,plant remains; restes de plantes,pitch,,Comb Wash; San Juan County; Utah,a,,P.R. Geib,,,,,,,,7340,60,-24.1,,Early Archaic; Archaïque inférieur,42SA21153,Turkey Pen,,,,mastic on base of square stem projectile point,,,,Geib; 1996
Beta-77871,,plant remains; restes de plantes,Sporobolus sp. (grass),,Comb Wash; San Juan County; Utah,a,,P.R. Geib,,,,,,,,7300,100,-12.1,,Early Archaic; Archaïque inférieur,42SA21153,Turkey Pen,,,,stems with square stem projectile point and open-twined sandal; unit 3a,,,,Geib; 1996
Beta-95281,,plant remains; restes de plantes,Yucca sp.,,Butler Wash; San Juan County; Utah,a,,F.E. Smiley,,,,,,,,7590,60,,,Early Archaic; Archaïque inférieur,42SA-?,Dust Devil Cave (NA7613),,,,open-twined sandal (ECPR 96014),,,,Geib; 2000
Beta-118937,,charcoal; charbon de bois,,,Camels Back Ridge; Tooele County; Utah,e,,D.N. Schmitt,,,,,,,,7530,50,,,Early Archaic; Archaïque inférieur,42TO-?,Sandwich Shelter,,,,hearth; top of stratum 3; minimum age for fauna,,,,Schmitt et al.; 2002
Beta-122777,,charcoal; charbon de bois,,,Camels Back Ridge; Tooele County; Utah,e,,D.N. Schmitt,,,,,,,,6650,50,,,Early Archaic; Archaïque inférieur,42TO-?,Sandwich Shelter,,,,hearth; middle of stratum 5,,,,Schmitt et al.; 2002
Beta-122778,,charcoal; charbon de bois,,,Camels Back Ridge; Tooele County; Utah,e,,D.N. Schmitt,,,,,,,,7230,160,,,Early Archaic; Archaïque inférieur,42TO-?,Sandwich Shelter,,,,hearth; middle of stratum 5,,,,Schmitt et al.; 2002
GaK-1569,,charcoal; charbon de bois,,,Box Elder County; Utah,a,,C.M. Aikens,,,,,,8350,160,8350,160,-25,,Early Archaic; Archaïque inférieur,42BO36,Hogup Cave,,,Stratum 1,stratum 1; square 95L100; on bedrock (FS 215; bag 3),,,,Marwitt and Fry; 1973; Aikens; 1970; Swanson and Muto; 1975: 54; Faunmap 1994: 1048
GaK-2082,,plant remains; restes de plantes,wood and bark,,Box Elder County; Utah,a,,C.M. Aikens,,,,,,7250,100,7250,100,-25,,Early Archaic; Archaïque inférieur,42BO36,Hogup Cave,,,Stratum 5,stratum 5; square 110L100 (FS 578),,,,Marwitt and Fry; 1973; Benedict and Olson; 1978; Aikens; 1970; Swanson and Muto; 1975: 54; Faunmap 1048
GaK-2083,,wood and feces; bois et fèces,,,Box Elder County; Utah,a,,C.M. Aikens,,,,,,8800,200,8800,200,-25,,Early Archaic; Archaïque inférieur,42BO36,Hogup Cave,,,Stratum 3,stratum 3 square 100L100 (FS 580),,,,Marwitt and Fry; 1973; Aikens; 1970; Swanson and Muto; 1975: 54; Faunmap 1048
GaK-2086,,feces and fur; fèces et pelage,,,Box Elder County; Utah,a,,C.M. Aikens,,,,,,7860,160,7860,160,-25,,Early Archaic; Archaïque inférieur,42BO36,Hogup Cave,,,Stratum 1,stratum 1; square 100L95; (FS 176-205),,,,Marwitt and Fry; 1973; Aikens; 1970; Swanson and Muto; 1975: 54; Faunmap 1048
GX-10500,,charcoal; charbon de bois,,,southern Waterpocket Fold; Kane County; Utah,a,,L.D. Agenbroad,,,,,,,,7795,230,-25,,Early Archaic; Archaïque inférieur,42KA2546,Bechan Cave,,,,charcoal lens or perhaps a hearth; assigned to cultural period 1,,,,Geib; 1996
GX-10502,,charcoal; charbon de bois,,,southern Waterpocket Fold; Kane County; Utah,a,,L.D. Agenbroad,,,,,,,,7525,220,-25,,Early Archaic; Archaïque inférieur,42KA2546,Bechan Cave,,,,lower occupational surface near the central portion of the site; assigned to cultural period 1,,,,Geib; 1996
RL-55,,charcoal; charbon de bois,,,Tooele County; Utah,a,,J.P. Marwitt,,,,,,7040,280,7040,280,-25,,Early Archaic; Archaïque inférieur,42TO-?,Sandwich Shelter,,,,basal hearth,,,,Marwitt and Fry; 1973; Benedict and Olson; 1978; Marwitt et al.; 1971
RL-354,,charcoal; charbon de bois,,,Emery County; Utah,e,,E.I. DuBloois,,,,,1999-04-02,7770,230,7770,230,-25,,Early Archaic; Archaïque inférieur,42EM-?,Joe's Valley Alcove,,,,contact of Bed I; Level 1 and shelter floor; 180 cm above datum; 400 cm south of datum,,,,Tucek; 1977: 250
RL-355,,charcoal; charbon de bois,,,Emery County; Utah,e,,E.I. DuBloois,,,,,1999-04-02,7670,210,7670,210,,,Early Archaic; Archaïque inférieur,42EM-?,Joe's Valley Alcove,,,,Bed I; Level 1; 165 cm above datum; 580 cm south of datum; 196 cm east of base line,,,,Tucek; 1977: 251
RL-474,,charcoal; charbon de bois,,,Sevier County; Utah,e,,J.D. Jennings,,,,,,7840,330,7840,330,-25,,Early Archaic; Archaïque inférieur,42SV6,Sudden Shelter,,,Stratum 2,surface of stratum 2; component 1; with a Pinto point,,,,Berry and Berry; 1986; Jennings et al.; 1980; Faunmap 1153
SI-2416,,plant remains; restes de plantes,Yucca sp.,,Upper Barrier Canyon; Wayne County; Utah,a,,J.D. Jennings,,,,,,,,8875,125,-22.3,,Early Archaic; Archaïque inférieur,42WN421,Walter's Cave,,,,open-twined sandal (FS 370); just above a pre-occupation sand layer with oak leaves; comparable to Cowboy Cave stratum 2b,,,,Geib; 1996; 2000; Jennings; 1980
SI-2418,508,charcoal; charbon de bois,,,Upper Barrier Canyon; Wayne County; Utah,e,,J.D. Jennings,,,,,,8275,80,8275,80,-25,,Early Archaic; Archaïque inférieur,42WN420,Cowboy Cave,,,Stratum 2,stratum 2b; first thin cultural layer; feature 41; on surface of windblown sand; with open-twined sandals,,,,Jennings; 1980; Faunmap 1069; Geib; 1996
SI-2419,1154,charcoal; charbon de bois,,,Upper Barrier Canyon; Wayne County; Utah,e,,J.D. Jennings,,,,,,7215,75,7215,75,-25,,Early Archaic; Archaïque inférieur,42WN420,Cowboy Cave,,,Stratum 3,stratum 3d; within midden fill of ash; charcoal and matted fiber; with Northern side-notched point; open-twined and plain weave sandals,,,,Jennings; 1980; Faunmap 1069; Geib; 1996
Tx-447,,plant remains; restes de plantes,,,4.25 miles northeast of the summit of Navajo Mountain; on the northeast side of a tributary of Cottonwood Creek; San Juan County; Utah,e,,J.R. Ambler,,,,,1999-03-05,7700,120,7700,120,-25,,Early Archaic; Archaïque inférieur,42SA-?,Dust Devil Cave (NA7613),,,,open-twined sandals from lower portion of Stratum V; Desha complex,,,,Valastro and Davis; 1970: 276-277
Tx-448,,plant remains; restes de plantes,,,4.25 miles northeast of the summit of Navajo Mountain; on the northeast side of a tributary of Cottonwood Creek; San Juan County; Utah,e,,J.R. Ambler,,,,,1999-03-05,7540,120,7540,120,-25,,Early Archaic; Archaïque inférieur,42SA-?,Dust Devil Cave (NA7613),,,,open-twined sandals from lower portion of Stratum V; Desha complex,,,,Valastro and Davis; 1970: 276-277
Tx-454,,plant remains; restes de plantes,,,4.25 miles northeast of the summit of Navajo Mountain; on the northeast side of a tributary of Cottonwood Creek; San Juan County; Utah,e,,J.R. Ambler,,,,,1999-03-05,7150,130,7150,130,-25,,Early Archaic; Archaïque inférieur,42SA-?,Dust Devil Cave (NA7613),,,,open-twined sandals from square N19; Level 6; Stratum V; Desha complex,,,,Benedict and Olson; 1978; Valastro and Davis; 1970: 276-277
Tx-1262,,human feces; fèces humaine,Homo sapiens,,7.5 miles northeast of the summit of Navajo Mountain; Rainbow Plateau; San Juan County; Utah,e,,A.J. Lindsay,,,,,1999-03-05,7630,120,7630,120,,,Early Archaic; Archaïque inférieur,42SA-?,Dust Devil Cave (NA7613),,,,square B7; top of stratum 4b; Desha complex,,,,Geib; 1996; Valastro et al.; 1975: 91
Tx-1263,,charcoal; charbon de bois,,,7.5 miles northeast of the summit of Navajo Mountain; Rainbow Plateau; San Juan County; Utah,e,,A.J. Lindsay,,,,,1999-03-05,7340,100,7340,100,-25,,Early Archaic; Archaïque inférieur,42SA-?,Dust Devil Cave (NA7613),,,,square G8; loose charcoal; middle of stratum 4; Desha complex,,,,Benedict and Olson; 1978; Geib; 1996; Valastro et al.; 1975: 91
Tx-1264,,charcoal; charbon de bois,,,7.5 miles northeast of the summit of Navajo Mountain; Rainbow Plateau; San Juan County; Utah,e,,A.J. Lindsay,,,,,1999-03-05,7250,110,7250,110,-25,,Early Archaic; Archaïque inférieur,42SA-?,Dust Devil Cave (NA7613),,,,square F9; Hearth 37; middle of stratum 4; Desha complex,,,,Benedict and Olson; 1978; Geib; 1996; Valastro et al.; 1975: 91
Tx-1265,,charcoal; charbon de bois,,,7.5 miles northeast of the summit of Navajo Mountain; Rainbow Plateau; San Juan County; Utah,e,,A.J. Lindsay,,,,,1999-03-05,8730,110,8730,110,-25,,Early Archaic; Archaïque inférieur,42SA-?,Dust Devil Cave (NA7613),,,,square F8; Hearth 32; bottom of stratum 4; Desha complex,,,,Berry and Berry; 1986; Geib; 1996; Valastro et al.; 1975: 91
Tx-1266,,plant remains; restes de plantes,Yucca sp. leaves,,7.5 miles northeast of the summit of Navajo Mountain; Rainbow Plateau; San Juan County; Utah,e,,A.J. Lindsay,,,,,1999-03-05,8830,160,8830,160,-25,,Early Archaic; Archaïque inférieur,42SA-?,Dust Devil Cave (NA7613),,,,feature 17; a yucca-lined pit; bottom of stratum 4; Desha complex,,,,Geib; 1996; Valastro et al.; 1975: 91
UGa-859,,charcoal; charbon de bois,,,Sevier County; Utah,e,,J.D. Jennings,,,,,,7090,85,7090,85,-25,,Early Archaic; Archaïque inférieur,42SV6,Sudden Shelter,,,Stratum 4,middle of stratum 4; component 1; with Elko corner-notched; Elko side-notched; and Pinto points,,,,Berry and Berry; 1986; Jennings et al.; 1980; Faunmap 1153
UGa-903,,charcoal; charbon de bois,,,Sevier County; Utah,e,,J.D. Jennings,,,,,,7565,115,7565,115,-25,,Early Archaic; Archaïque inférieur,42SV6,Sudden Shelter,,,Stratum 2,surface of stratum 2; compoment 1; with a Pinto point,,,,Berry and Berry; 1986; Jennings et al.; 1980; Faunmap 1153
RL-489,,charcoal; charbon de bois,,,Wayne County; Utah,a,,E. DuBloois,,,,,,,,3330,250,-25,,geoarchaeology; géoarchéologie,42WN631,,,,,stratum of charcoal that extends for hundreds of metres to each side of the site; separating upper from lower hearths,,,,Berry and Berry; 1986
SI-2417,860,plant remains; restes de plantes,Quercus gambeli and Q. sp. leaves,,Upper Barrier Canyon; Wayne County; Utah,e,,J.D. Jennings,,,,,,8690,75,8690,75,-25,,geoarchaeology; géoarchéologie,42WN420,Cowboy Cave,,,Stratum 2,stratum 2a; a sterile layer of pink windblow sand; precultural,,,,Faunmap 1069; Jennings; 1980
Tx-1267,,plant remains; restes de plantes,Quercus and Celtis leaves,,7.5 miles northeast of the summit of Navajo Mountain; Rainbow Plateau; San Juan County; Utah,e,,A.J. Lindsay,,,,,1999-03-05,9600,150,9600,150,-25,,geoarchaeology; géoarchéologie,42SA-?,Dust Devil Cave (NA7613),,,,stratum 3,,,,Geib; 1996; Valastro et al.; 1975: 91
UGa-2269,,charcoal; charbon de bois,,,Wayne County; Utah,a,,J.D. Jennings,,,,,,,,565,140,,,geoarchaeology; géoarchéologie,42WN981,,,,,noncultural charcoal lens (FS 1),,,,Jennings and Sammons-Lohse; 1981; Lindsay; 1986
A-3516,,charcoal; charbon de bois,,,southern Waterpocket Fold; Kane County; Utah,a,,L.D. Agenbroad,,,,,,,,2640,50,-25,,Late Archaic; Archaïque supérieur,42KA2546,Bechan Cave,,,,auger test; uncertain context and association; assigned to cultural period 3,,,,Geib; 1996
AA-8625,,paint; peinture,,,Wayne County; Utah,u,,M. Rowe,,,,,,,,3400,65,-26.1,,Late Archaic; Archaïque supérieur,42WN418,Great Gallery,,,,Barrier Canyon Style rock art,,,,Tipps; 1995
AA-9116,,paint; peinture,,,Grand County; Utah,u,,M. Rowe,,,,,,,,2100,50,-23.6,,Late Archaic; Archaïque supérieur,42GR382,Dubinky Well,,,,Barrier Canyon Style rock art,,,,Tipps; 1995
AA-9177,,organic matter; matière organique,,,Wayne County; Utah,u,,M. Rowe,,,,,,,,4010,55,-25.7,,Late Archaic; Archaïque supérieur,42WN418,Great Gallery,,,,unpainted sandstone hosting Barrier Canyon Style rock art,,,,Tipps; 1995
AA-9179,,paint; peinture,,,San Juan County; Utah,u,,M. Rowe,,,,,,,,2710,75,-21.1,,Late Archaic; Archaïque supérieur,42SA20615,,,,,Barrier Canyon Style rock art,,,,Tipps; 1995
AA-9236,,organic matter; matière organique,,,Grand County; Utah,u,,M. Rowe,,,,,,,,2565,115,-22.7,,Late Archaic; Archaïque supérieur,42GR382,Dubinky Well,,,,unpainted sandstone hosting Barrier Canyon Style rock art,,,,Tipps; 1995
AA-10376,,plant remains; restes de plantes,Yucca sp.,,lower Glen Canyon; Kane County; Utah,a,,P.R. Geib,,,,,,,,3355,50,-25,,Late Archaic; Archaïque supérieur,42KA433,Benchmark Cave,,,,warp-faced plain weave sandal (FS 35.1) from feature 17,,,,Geib; 1996; 2000
AA-13004,,plant remains; restes de plantes,Yucca sp.,,lower Glen Canyon; Kane County; Utah,a,,P.R. Geib,,,,,,,,3210,55,-23.3,,Late Archaic; Archaïque supérieur,42KA433,Benchmark Cave,,,,warp-faced plain weave sandal (FS 142.11) from feature 33,,,,Geib; 1996; 2000
Beta-16276,,charcoal; charbon de bois,,,Glen Canyon; Kane County; Utah,u,,P.W. Bungart,,,,,,,,4330,80,-25,,Late Archaic; Archaïque supérieur,42KA2756,Co-op,,,,hearth 3; buried by ca. 8 m of alluvium; with debitage; 2 biface fragments; a mano fragment; but no diagnostics,,,,Geib; 1996
Beta-21209,,charcoal; charbon de bois,,,San Juan County; Utah,u,,B.L. Tipps,,,,,,,,3340,110,-25,,Late Archaic; Archaïque supérieur,42SA17092,Salt Pocket Shelter,,,,basin hearth within midden deposit; encountered in a 1 x 1 m test unit,,,,Geib; 1996; Tipps; 1995
Beta-30481,,charcoal; charbon de bois,,,San Juan County; Utah,u,,B.L. Tipps,,,,,,,,1170,60,-25,,Late Archaic; Archaïque supérieur,42SA20251,,,,,feature 1; an unlined hearth,,,,Tipps; 1995
Beta-30482,,charcoal; charbon de bois,,,San Juan County; Utah,u,,B.L. Tipps,,,,,,,,2220,90,-25,,Late Archaic; Archaïque supérieur,42SA20256,Squaw Butte Cove,,,,feature 1; a slab-lined hearth,,,,Geib; 1996; Tipps; 1995
Beta-30483,,charcoal; charbon de bois,,,San Juan County; Utah,u,,B.L. Tipps,,,,,,,,1500,100,-25,,Late Archaic; Archaïque supérieur,42SA20258,,,,,feature 1; an oblong slab-lined feature,,,,Tipps; 1995
Beta-30484,,charcoal; charbon de bois,,,San Juan County; Utah,u,,B.L. Tipps,,,,,,,,2120,60,-25,,Late Archaic; Archaïque supérieur,42SA20292,,,,,feature 3; a slab-lined hearth,,,,Geib; 1996; Tipps; 1995
Beta-30485,,charcoal; charbon de bois,,,San Juan County; Utah,u,,B.L. Tipps,,,,,,,,2220,70,-25,,Late Archaic; Archaïque supérieur,42SA20292,,,,,feature 1; an unlined hearth,,,,Geib; 1996; Tipps; 1995
Beta-30486,,charcoal; charbon de bois,,,San Juan County; Utah,u,,B.L. Tipps,,,,,,,,2640,100,-25,,Late Archaic; Archaïque supérieur,42SA20301,Whirlwind Ridge,,,,feature 1; an unlined hearth,,,,Geib; 1996; Tipps; 1995
Beta-30487,,charcoal; charbon de bois,,,San Juan County; Utah,u,,B.L. Tipps,,,,,,,,2330,90,-25,,Late Archaic; Archaïque supérieur,42SA20301,Whirlwind Ridge,,,,feature 2; an unlined hearth,,,,Geib; 1996; Tipps; 1995
Beta-30488,,charcoal; charbon de bois,,,San Juan County; Utah,u,,B.L. Tipps,,,,,,,,1360,80,-25,,Late Archaic; Archaïque supérieur,42SA20615,,,,,feature 2; an unlined hearth,,,,Tipps; 1995
Beta-38342,,human feces; fèces humaine,Homo sapiens,,Glen Canyon; Kane County; Utah,a,,P.R. Geib,,,,,,,,3900,60,-20.7,,Late Archaic; Archaïque supérieur,42KA2753,Beaucoup Alcove,,,,one of five human feces collected from the surface of an alcove during its initial documentation,,,,Geib; 1996
Beta-64818,,charcoal; charbon de bois,,,Wayne County; Utah,u,,N.J. Coulam,,,,,,,,1860,50,,,Late Archaic; Archaïque supérieur,42WN665,Harvest Scene,,,,associated with Barrier Canyon Style rock art,,,,Tipps; 1995
Beta-75861,,charcoal; charbon de bois,,,Wayne County; Utah,u,,N.J. Coulam,,,,,,,,2660,80,-25,,Late Archaic; Archaïque supérieur,42WN766,,,,,associated with Barrier Canyon Style rock art,,,,Tipps; 1995
Beta-77869,,plant remains; restes de plantes,Yucca sp.,,Comb Wash; San Juan County; Utah,a,,P.R. Geib,,,,,,,,3680,60,-15.8,,Late Archaic; Archaïque supérieur,42SA21153,Turkey Pen,,,,warp-faced plain weave sandal (PN 524.2) found under large roof spall; top of unit 4,,,,Geib; 1996; 2000
GaK-1560,,plant remains; restes de plantes,grass; wood; bark,,Box Elder County; Utah,a,,C.M. Aikens,,,,,,2920,80,2920,80,-25,,Late Archaic; Archaïque supérieur,42BO36,Hogup Cave,,,Stratum 12,stratum 12; square 100L95; center of layer (FS 26),,,,Marwitt and Fry; 1973; Aikens; 1970; Swanson and Muto; 1975: 54; Faunmap 1048
GaK-1564,,plant remains; restes de plantes,reeds,,Box Elder County; Utah,a,,C.M. Aikens,,,,,,3200,140,3200,140,-25,,Late Archaic; Archaïque supérieur,42BO36,Hogup Cave,,,Stratum 8,stratum 8; square 100L95; bottom of layer (FS 191),,,,Marwitt and Fry; 1973; Aikens; 1970; Swanson and Muto; 1975: 54; Faunmap 1048
GaK-2079,,plant remains; restes de plantes,wood; bark; feces,,Box Elder County; Utah,a,,C.M. Aikens,,,,,,2550,70,2550,70,-25,,Late Archaic; Archaïque supérieur,42BO36,Hogup Cave,,,Stratum 12,stratum 12; square 110L90 (FS 546),,,,Marwitt and Fry; 1973; Aikens; 1970; Swanson and Muto; 1975: 54; Faunmap 1048
GaK-2081,,plant remains; restes de plantes,wood; bark,,Box Elder County; Utah,a,,C.M. Aikens,,,,,,2600,100,2600,100,-25,,Late Archaic; Archaïque supérieur,42BO36,Hogup Cave,,,Stratum 10,stratum 10; square 110L100 (FS 572),,,,Marwitt and Fry; 1973; Aikens; 1970; Swanson and Muto; 1975: 54; Faunmap 1048
GX-896,,charcoal; charbon de bois,,,Dinosaur National Monument; Uintah County; Utah,a,,L.L. Leach,,,,,,1625,95,1625,95,-25,,Late Archaic; Archaïque supérieur,42UN-?,Thorne Cave,,,,Level 5,,,,Marwitt and Fry; 1973
GX-897,,charcoal; charbon de bois,,,Dinosaur National Monument; Uintah County; Utah,a,,L.L. Leach,,,,,,3260,120,3260,120,-25,,Late Archaic; Archaïque supérieur,42UN-?,Thorne Cave,,,,Level 8,,,,Marwitt and Fry; 1973; Black; 1983a
GX-898,,charcoal; charbon de bois,,,Dinosaur National Monument; Uintah County; Utah,a,,L.L. Leach,,,,,,3840,210,3840,210,-25,,Late Archaic; Archaïque supérieur,42UN-?,Thorne Cave,,,,Level 11,,,,Marwitt and Fry; 1973
GX-899,,bone collagen; collagène osseux,,,Dinosaur National Monument; Uintah County; Utah,a,,L.L. Leach,,,,,,3630,85,3710,85,-20,,Late Archaic; Archaïque supérieur,42UN-?,Thorne Cave,,,,Level 12,,,,Marwitt and Fry; 1973
GX-10501,,charcoal; charbon de bois,,,southern Waterpocket Fold; Kane County; Utah,a,,L.D. Agenbroad,,,,,,,,2080,140,-25,,Late Archaic; Archaïque supérieur,42KA2546,Bechan Cave,,,,slab-lined hearth assigned to cultural period 3,,,,Geib; 1996
GX-11339,,charcoal; charbon de bois,,,Glen Canyon; Kane County; Utah,u,,P.W. Bungart,,,,,,,,3000,145,-22.6,,Late Archaic; Archaïque supérieur,42KA2756,Co-op,,,,hearth 2 exposed in arroyo cut; with a mano fragment and several chert pressure flakes,,,,Geib; 1996
I-3361,,charcoal; charbon de bois,,,Utah County; Utah,a,,J.M. Mock,,,,,,3660,110,3660,110,-25,,Late Archaic; Archaïque supérieur,42UT104,Spotten Cave,,,Zone 1,zone Ie,,,,Marwitt and Fry; 1973; Faunmap 1545
I-3364,,charcoal; charbon de bois,,,Utah County; Utah,a,,J.M. Mock,,,,,,2110,100,2110,100,-25,,Late Archaic; Archaïque supérieur,42UT104,Spotten Cave,,,Zone 2,zone II,,,,Marwitt and Fry; 1973; Faunmap 1545
RL-131,,charcoal; charbon de bois,,,Emery County; Utah,a,,J.C. Winter,,,,,,3070,130,3070,130,-25,,Late Archaic; Archaïque supérieur,42EM177,Clydes Cavern,,,,Level 1; with a cache of metates and a rabbit-skin robe,,,,Berry and Berry; 1986; Winter and Wylie; 1974; Faunmap 1529
RL-238,,charcoal; charbon de bois,,,Box Elder County; Utah,a,,M.S. Berry,,,,,,4900,100,4900,100,-25,,Late Archaic; Archaïque supérieur,42BO365,Remnant Cave,,,,stratum 2/3 interface; the basal cultural deposit; with two Pinto-Humboldt projectile points,,,,Berry; 1976
RL-239,,bison bone collagen; collagène osseux de bison,Bison sp. ulna,,Box Elder County; Utah,a,,G.F. Dalley,,,,,,2350,90,2430,90,-20,,Late Archaic; Archaïque supérieur,42BO-?,Beatty Springs,,,,"main excavation area; ca. 18"" depth",,,,Dalley; 1976
RL-413,,wood; bois,,,Box Elder County; Utah,a,,C.M. Aikens,,,,,,1260,160,1260,160,-25,,Late Archaic; Archaïque supérieur,42BO36,Hogup Cave,,,Stratum 9,stratum 9,,,,Tucek; 1977: 251
RL-463,,charcoal; charbon de bois,,,Wayne County; Utah,a,,E. DuBloois,,,,,,,,4590,140,-25,,Late Archaic; Archaïque supérieur,42WN631,,,,,lower hearth; separated from upper hearths by a stratum of charcoal that extends for hundreds of metres to each side of the site,,,,Berry and Berry; 1986
RL-475,,charcoal; charbon de bois,,,Sevier County; Utah,e,,J.D. Jennings,,,,,,4670,140,4670,140,-25,,Late Archaic; Archaïque supérieur,42SV6,Sudden Shelter,,,Stratum 14,middle of stratum 14; component 2; with Hawken side-notched; McKean lanceolate; Sudden side-notched; Elko corner-notched and Silver Lake points,,,,Berry and Berry; 1986; Jennings et al.; 1980; Faunmap 1153
RL-486,,charcoal; charbon de bois,,,Wayne County; Utah,a,,E. DuBloois,,,,,,,,2600,120,-25,,Late Archaic; Archaïque supérieur,42WN631,,,,,upper hearth 1,,,,Berry and Berry; 1986
RL-487,,charcoal; charbon de bois,,,Wayne County; Utah,a,,E. DuBloois,,,,,,,,2050,110,-25,,Late Archaic; Archaïque supérieur,42WN631,,,,,upper hearth 3,,,,Berry and Berry; 1986
RL-488,,charcoal; charbon de bois,,,Wayne County; Utah,a,,E. DuBloois,,,,,,,,4290,140,-25,,Late Archaic; Archaïque supérieur,42WN631,,,,,lower hearth; separated from upper hearths by a stratum of charcoal that extends for hundreds of metres to each side of the site,,,,Berry and Berry; 1986
RL-536,,charcoal; charbon de bois,,,Emery County; Utah,a,,D.B. Madsen,,,,,,4520,210,4520,210,-25,,Late Archaic; Archaïque supérieur,42EM625,Pint Size Shelter,,,,bottom of stratum 3; the lower component with Gypsum and Elko corner-notched points and slab metates,,,,Aikens; 1976: 562; Berry and Berry; 1986
SI-2337,,charcoal; charbon de bois,,,Box Elder County; Utah,a,,M.S. Berry,,,,,,2435,65,2435,65,-25,,Late Archaic; Archaïque supérieur,42BO365,Remnant Cave,,,,top of stratum 4,,,,Berry; 1976
SI-2422,1517,cultigen; cultigène,Zea mays,,Upper Barrier Canyon; Wayne County; Utah,e,,J.D. Jennings,,,,,,1765,70,1985,70,-12,,Late Archaic; Archaïque supérieur,42WN420,Cowboy Cave,,,Stratum 5,probably stratum 5; cached in a skin bag,,,,Jennings; 1980; Faunmap 1069; Geib; 1996; Berry; 1985
SI-2423 R,1516,plant remains; restes de plantes,Sporobolus cf. giganteus,,Upper Barrier Canyon; Wayne County; Utah,e,,J.D. Jennings,,,,,,1595,65,1745,65,-15.6,,Late Archaic; Archaïque supérieur,42WN420,Cowboy Cave,,,Stratum 5,probably stratum 5; grass from a fiber pad overlying the cache of shell corn; FS1517,,,,Jennings; 1980; Geib; 1996
SI-2425,1940,charcoal; charbon de bois,,,Upper Barrier Canyon; Wayne County; Utah,e,,J.D. Jennings,,,,,,1495,60,1495,60,-25,,Late Archaic; Archaïque supérieur,42WN420,Cowboy Cave,,,Stratum 5,stratum 5a; feature 183; a pit in red wind-blown sand,,,,Faunmap 1069; Jennings; 1980
SI-2426,1683,plant remains; restes de plantes,Juniperus sp. bark; Artemisia cf. dracunculus stalks,,Upper Barrier Canyon; Wayne County; Utah,e,,J.D. Jennings,,,,,,1580,60,1580,60,-25,,Late Archaic; Archaïque supérieur,42WN420,Cowboy Cave,,,Stratum 5,stratum 5c; with a semicircular arc of stones and a small stone cist; the terminal occupation of the cave,,,,Faunmap 1069; Jennings; 1980
SI-2495,,plant remains; restes de plantes,Sporobolus cryptandrus,,Upper Barrier Canyon; Wayne County; Utah,e,,J.D. Jennings,,,,,,,,3330,80,-15.6,,Late Archaic; Archaïque supérieur,42WN420,Cowboy Cave,,,Stratum 4,probably stratum 4c; provenience unknown; grass from a skin bag recovered in 1973 testing,,,,Jennings; 1980; Geib; 1996
SI-2715,1373,charcoal; charbon de bois,,,Upper Barrier Canyon; Wayne County; Utah,e,,J.D. Jennings,,,,,,3635,55,3635,55,-25,,Late Archaic; Archaïque supérieur,42WN420,Cowboy Cave,,,Stratum 4,stratum 4c; with Gypsum points and split-twig figurines,,,,Jennings; 1980; Faunmap 1069; Geib; 1996
SI-2998,2293,wood; bois,,,Upper Barrier Canyon; Wayne County; Utah,e,,J.D. Jennings,,,,,,3560,75,3560,75,-25,,Late Archaic; Archaïque supérieur,42WN420,Cowboy Cave,,,Stratum 4,stratum 4d; with Gypsum points and split-twig figurines,,,,Jennings; 1980; Faunmap 1069; Geib; 1996
SI-3012 R,1517,cultigen; cultigène,Zea mays,,Upper Barrier Canyon; Wayne County; Utah,e,,J.D. Jennings,,,,,,1450,70,1670,70,-12,,Late Archaic; Archaïque supérieur,42WN420,Cowboy Cave,,,Stratum 5,probably stratum 5; cached in a skin bag,,,,Jennings; 1980; Geib; 1996
SI-3172,1517-1,cultigen; cultigène,Zea mays,,Upper Barrier Canyon; Wayne County; Utah,e,,J.D. Jennings,,,,,,1635,70,1855,70,-12,,Late Archaic; Archaïque supérieur,42WN420,Cowboy Cave,,,Stratum 5,probably stratum 5; cached in a skin bag,,,,Jennings; 1980; Faunmap 1069; Geib; 1996
UGa-904,,charcoal; charbon de bois,,,Sevier County; Utah,e,,J.D. Jennings,,,,,,4425,85,4425,85,-25,,Late Archaic; Archaïque supérieur,42SV6,Sudden Shelter,,,Stratum 15,near top of stratum 15; component 2; with McKean; Gypsum; Elko side-notched; and one Hawken side-notched point,,,,Berry and Berry; 1986; Jennings et al.; 1980; Faunmap 1153
UGa-905,,charcoal; charbon de bois,,,Sevier County; Utah,e,,J.D. Jennings,,,,,,3360,85,3360,85,-25,,Late Archaic; Archaïque supérieur,42SV6,Sudden Shelter,,,Stratum 22,middle of stratum 22; dating the termination of component 3,,,,Berry and Berry; 1986; Jennings et al.; 1980; Faunmap 1153
UGa-905 a,,charcoal; charbon de bois,,,Sevier County; Utah,e,,J.D. Jennings,,,,,,3375,200,3375,200,-25,,Late Archaic; Archaïque supérieur,42SV6,Sudden Shelter,,,Stratum 22,middle of stratum 22; dating the termination of component 3,,,,Berry and Berry; 1986; Jennings et al.; 1980; Faunmap 1153
UGa-1053,,charcoal; charbon de bois,,,Upper Barrier Canyon; Wayne County; Utah,e,,J.D. Jennings,,,,,,1890,65,1890,65,-25,,Late Archaic; Archaïque supérieur,42WN420,Cowboy Cave,,,Stratum 5,stratum 5b?; provenience unknown,,,,Berry and Berry; 1986; Jennings; 1980; Faunmap 1069; Geib; 1996
UGa-1260,,charcoal; charbon de bois,,,Sevier County; Utah,e,,J.D. Jennings,,,,,,3535,95,3535,95,-25,,Late Archaic; Archaïque supérieur,42SV6,Sudden Shelter,,,Stratum 17,middle of stratum 17; dating rapid increase in use of the site,,,,Berry and Berry; 1986; Jennings et al.; 1980; Faunmap 1153
UGa-1261,,charcoal; charbon de bois,,,Sevier County; Utah,e,,J.D. Jennings,,,,,,4980,90,4980,90,-25,,Late Archaic; Archaïque supérieur,42SV6,Sudden Shelter,,,Stratum 10,surface of stratum 10; component 2; with no recovered projectile points,,,,Berry and Berry; 1986; Jennings et al.; 1980; Faunmap 1153
UGa-1548,1517-1,cultigen; cultigène,Zea mays,,Upper Barrier Canyon; Wayne County; Utah,e,,J.D. Jennings,,,,,,1555,70,1775,70,-12,,Late Archaic; Archaïque supérieur,42WN420,Cowboy Cave,,,Stratum 5,probably stratum 5; cached in a skin bag,,,,Jennings; 1980; Faunmap 1069; Geib; 1996
SI-2423R,1516,plant remains; restes de plantes,Sporobolus cf. giganteus,,Upper Barrier Canyon; Wayne County; Utah,e,,J.D. Jennings,,,,,,1595,65,1745,65,-15.6,,Late Archaic; Archaïque supérieur,42WN420,Cowboy Cave,,,Stratum 5,probably stratum 5; grass from a fiber pad overlying the cache of shell corn; FS1517,,,,Jennings; 1980; Geib; 1996
SI-3012R,1517,cultigen; cultigène,Zea mays,,Upper Barrier Canyon; Wayne County; Utah,e,,J.D. Jennings,,,,,,1450,70,1670,70,-12,,Late Archaic; Archaïque supérieur,42WN420,Cowboy Cave,,,Stratum 5,probably stratum 5; cached in a skin bag,,,,Jennings; 1980; Geib; 1996
UGa-905a,,charcoal; charbon de bois,,,Sevier County; Utah,e,,J.D. Jennings,,,,,,3375,200,3375,200,-25,,Late Archaic; Archaïque supérieur,42SV6,Sudden Shelter,,,Stratum 22,middle of stratum 22; dating the termination of component 3,,,,Berry and Berry; 1986; Jennings et al.; 1980; Faunmap 1153
GaK-1565,,plant remains; restes de plantes,grass,,Box Elder County; Utah,a,,C.M. Aikens,,,,,,1810,80,1810,80,-25,,Late Prehistoric; anomalous; old; Préhistorique récent; anormal; vieux,42BO36,Hogup Cave,,,Stratum 16,stratum 16; square 105:90; full thickness of layer (FS 195); Shoshoni,,,,Marwitt and Fry; 1973; Aikens; 1970; Swanson and Muto; 1975: 54; Faunmap 1048
GaK-2077,,plant remains; restes de plantes,wood; bark; feces,,Box Elder County; Utah,a,,C.M. Aikens,,,,,,2200,70,2200,70,-25,,Late Prehistoric; anomalous; old; Préhistorique récent; anormal; vieux,42BO36,Hogup Cave,,,Stratum 16,stratum 16; square 110L90 (FS 543);Shoshoni,,,,Marwitt and Fry; 1973; Aikens; 1970; Swanson and Muto; 1975: 54; Faunmap 1048
GaK-1566,,feces and plant remains; fèces et restes de plantes,wood and grass,,Box Elder County; Utah,a,,C.M. Aikens,,,,,,480,80,480,80,-25,,Late Prehistoric; Préhistorique récent,42BO36,Hogup Cave,,,Stratum 16,stratum 16; square 100L80; collected from full thickness of layer (FS 196); Shoshoni,,,,Marwitt and Fry; 1973; Aikens; 1970; Swanson and Muto; 1975: 54; Faunmap 1048
SI-2334,,charcoal; charbon de bois,,,Box Elder County; Utah,a,,M.S. Berry,,,,,,405,60,405,60,-25,,Late Prehistoric; Préhistorique récent,42BO365,Remnant Cave,,,,stratum 6 hearth; with Paiute-Shoshoni pottery,,,,Berry; 1976
A-3513,,charcoal; charbon de bois,,,southern Waterpocket Fold; Kane County; Utah,a,,L.D. Agenbroad,,,,,,,,5500,80,-25,,Middle Archaic; Archaïque moyen,42KA2546,Bechan Cave,,,,auger test; uncertain context and association; assigned to cultural period 2,,,,Geib; 1996
AA-10371,,plant remains; restes de plantes,grass,,lower Glen Canyon; Kane County; Utah,a,,P.R. Geib,,,,,,,,5890,55,-12.1,,Middle Archaic; Archaïque moyen,42KA443,Hermitage,,,,padding of warp-faced plain weave sandal (FS 19.1) from aceramic midden deposit; feature 9,,,,Geib; 1996; 2000
AA-10372,,plant remains; restes de plantes,Yucca sp.,,lower Glen Canyon; Kane County; Utah,a,,P.R. Geib,,,,,,,,5665,60,-25,,Middle Archaic; Archaïque moyen,42KA443,Hermitage,,,,warp-faced plain weave sandal (FS 24) from aceramic midden deposit; feature 9,,,,Geib; 1996; 2000
AA-10378,,plant remains; restes de plantes,Yucca sp.,,7.5 miles northeast of the summit of Navajo Mountain; Rainbow Plateau; San Juan County; Utah,e,,P.R. Geib,,,,,,,,6890,60,-25,,Middle Archaic; Archaïque moyen,42SA-?,Dust Devil Cave (NA7613),,,,warp-faced plain weave sandal (F 10.2); top of stratum 4,,,,Geib; 1996; 2000
AA-10379,,plant remains; restes de plantes,Yucca sp.,,7.5 miles northeast of the summit of Navajo Mountain; Rainbow Plateau; San Juan County; Utah,e,,P.R. Geib,,,,,,,,6785,60,-25,,Middle Archaic; Archaïque moyen,42SA-?,Dust Devil Cave (NA7613),,,,warp-faced plain weave sandal (F 8.6); top of stratum 4,,,,Geib; 1996; 2000
AA-13003,,plant remains; restes de plantes,Yucca sp.,,lower Glen Canyon; Kane County; Utah,a,,P.R. Geib,,,,,,,,5810,70,-23.5,,Middle Archaic; Archaïque moyen,42KA433,Benchmark Cave,,,,warp-faced plain weave sandal (FS 77.5) from feature 35,,,,Geib; 1996; 2000
AA-13005,,plant remains; restes de plantes,Yucca sp.,,Upper Barrier Canyon; Wayne County; Utah,e,,P.R. Geib,,,,,,,,6390,65,-22,,Middle Archaic; Archaïque moyen,42WN420,Cowboy Cave,,,,warp-faced plain weave sandal (FS 1692.1); listed from stratum 4c; possibly from 4a or 4b,,,,Geib; 1996; 2000
AA-13006,,plant remains; restes de plantes,Yucca sp.,,Upper Barrier Canyon; Wayne County; Utah,e,,P.R. Geib,,,,,,,,6385,85,-21.9,,Middle Archaic; Archaïque moyen,42WN420,Cowboy Cave,,,,warp-faced plain weave sandal (FS 1790) from stratum 4b,,,,Geib; 1996; 2000
AA-13007,,plant remains; restes de plantes,Yucca sp.,,Upper Barrier Canyon; Wayne County; Utah,a,,P.R. Geib,,,,,,,,6350,85,-22.9,,Middle Archaic; Archaïque moyen,42WN421,Walter's Cave,,,,warp-faced plain weave sandal (FS 576.1) from feature 54; with a painted clay figurine,,,,Geib; 1996; 2000
Beta-16025,,plant remains; restes de plantes,yucca,,southern Waterpocket Fold; Kane County; Utah,a,,L.D. Agenbroad,,,,,,,,6750,120,-25,,Middle Archaic; Archaïque moyen,42KA2546,Bechan Cave,,,,open-twined sandal assigned to cultural period 1,,,,Geib; 1996; 2000
Beta-19919,,charcoal; charbon de bois,,,Glen Canyon; Kane County; Utah,u,,S. Eininger,,,,,,,,6500,80,-25,,Middle Archaic; Archaïque moyen,42KA2687,Perfect Ruin,,,,hearth encountered below a Pueblo trash deposit in a 1 x 1 m test,,,,Geib; 1996
Beta-19920,,charcoal; charbon de bois,,,Glen Canyon; Kane County; Utah,u,,S. Eininger,,,,,,,,6480,70,-25,,Middle Archaic; Archaïque moyen,42KA2687,Perfect Ruin,,,,hearth encountered below a Pueblo trash deposit in a 1 x 1 m test,,,,Geib; 1996
Beta-35559,,charcoal; charbon de bois,,,Garfield County; Utah,u,,B.L. Tipps,,,,,,,,5880,90,-25,,Middle Archaic; Archaïque moyen,42GA3132,Casa del Fuego,,,,disseminated charcoal with five unlined pits originating from an old ground surface buried by ca. 1.8 m of sand,,,,Geib; 1996
Beta-37954,,charcoal; charbon de bois,,,San Juan County; Utah,u,,B.L. Tipps,,,,,,,,5290,80,-25,,Middle Archaic; Archaïque moyen,42SA20615,,,,,feature 16; an unlined hearth,,,,Tipps; 1995
Beta-47743,,charcoal; charbon de bois,,,Comb Wash; San Juan County; Utah,a,,P.R. Geib,,,,,,,,6730,70,-25,,Middle Archaic; Archaïque moyen,42SA21153,Turkey Pen,,,,ash lens; feature 10; unit 3b,,,,Geib; 1996
Beta-48141,,charcoal; charbon de bois,,,Comb Wash; San Juan County; Utah,a,,P.R. Geib,,,,,,,,6120,70,-25,,Middle Archaic; Archaïque moyen,42SA21153,Turkey Pen,,,,hearth; feature 5; unit 3b; marking the end of early Archaic occupation of the shelter,,,,Geib; 1996
Beta-63481,,charcoal; charbon de bois,,,Camels Back Ridge; Tooele County; Utah,e,,D.N. Schmitt,,,,,,,,6110,90,,,Middle Archaic; Archaïque moyen,42TO-?,Sandwich Shelter,,,,hearth; top of stratum 8; maximum age of fauna,,,,Schmitt et al.; 2002
Beta-122774,,charcoal; charbon de bois,,,Camels Back Ridge; Tooele County; Utah,e,,D.N. Schmitt,,,,,,,,6390,70,,,Middle Archaic; Archaïque moyen,42TO-?,Sandwich Shelter,,,,hearth; top of stratum 5 or bottom of stratum 6,,,,Schmitt et al.; 2002
Beta-122775,,charcoal; charbon de bois,,,Camels Back Ridge; Tooele County; Utah,e,,D.N. Schmitt,,,,,,,,6430,60,,,Middle Archaic; Archaïque moyen,42TO-?,Sandwich Shelter,,,,hearth; top of stratum 6 or bottom of stratum 7; maximum age of fauna,,,,Schmitt et al.; 2002
Beta-122776,,charcoal; charbon de bois,,,Camels Back Ridge; Tooele County; Utah,e,,D.N. Schmitt,,,,,,,,6550,130,,,Middle Archaic; Archaïque moyen,42TO-?,Sandwich Shelter,,,,hearth; top of stratum 5 or bottom of stratum 6; maximum age of fauna,,,,Schmitt et al.; 2002
GaK-1563,,charcoal; charbon de bois,,,Box Elder County; Utah,a,,C.M. Aikens,,,,,,6400,100,6400,100,-25,,Middle Archaic; Archaïque moyen,42BO36,Hogup Cave,,,Stratum 6,stratum 6; square 95L85; bottom of layer (FS 187),,,,Marwitt and Fry; 1973; Benedict and Olson; 1978; Aikens; 1970; Swanson and Muto; 1975: 54; Faunmap 1048
GaK-1567,,plant remains; restes de plantes,wood; bark,,Box Elder County; Utah,a,,C.M. Aikens,,,,,,5960,100,5960,100,,,Middle Archaic; Archaïque moyen,42BO36,Hogup Cave,,,Stratum 6,stratum 6; square 95L90; bottom of layer (FS 199),,,,Marwitt and Fry; 1973; Benedict and Olson; 1978; Aikens; 1970; Swanson and Muto; 1975: 54; Faunmap 1994: 1048
GaK-1568,,wood; bois,,,Box Elder County; Utah,a,,C.M. Aikens,,,,,,4610,100,4610,100,-25,,Middle Archaic; Archaïque moyen,42BO36,Hogup Cave,,,Stratum 8,stratum 8; square 100L80; sticks collected from full thickness of layer (FS 204),,,,Marwitt and Fry; 1973; Aikens; 1970; Swanson and Muto; 1975: 54; Faunmap 1048
GaK-2084,,feces; fèces,,,Box Elder County; Utah,a,,C.M. Aikens,,,,,,6190,110,6190,110,-25,,Middle Archaic; Archaïque moyen,42BO36,Hogup Cave,,,Stratum 7,stratum 7; square 100L80 (FS92-155),,,,Marwitt and Fry; 1973; Benedict and Olson; 1978; Aikens; 1970; Swanson and Muto; 1975: 54; Faunmap 1048
GX-1288,,plant remains; restes de plantes,Artemisia sp. bark,,Box Elder County; Utah,a,,C.M. Aikens,,,,,,5795,160,5795,160,-25,,Middle Archaic; Archaïque moyen,42BO36,Hogup Cave,,,Stratum 5,stratum 5; square 105L90 (FS 299),,,,Marwitt and Fry; 1973; Benedict and Olson; 1978; Aikens; 1970; Swanson and Muto; 1975: 54; Faunmap 1048
I-3362,,charcoal; charbon de bois,,,Utah County; Utah,a,,J.M. Mock,,,,,,4640,120,4640,120,-25,,Middle Archaic; Archaïque moyen,42UT104,Spotten Cave,,,Zone 1,zone Ib,,,,Marwitt and Fry; 1973; Faunmap 1545
I-3363,,charcoal; charbon de bois,,,Utah County; Utah,a,,J.M. Mock,,,,,,4200,120,4200,120,-25,,Middle Archaic; Archaïque moyen,42UT104,Spotten Cave,,,Zone 1,zone Ib,,,,Marwitt and Fry; 1973; Faunmap 1545
I-4484,,charcoal; charbon de bois,,,Utah County; Utah,a,,J.M. Mock,,,,,,5580,120,5580,120,-25,,Middle Archaic; Archaïque moyen,42UT104,Spotten Cave,,,Zone 1,zone Ib,,,,Marwitt and Fry; 1973; Benedict and Olson; 1978; Faunmap 1545
M-783,,charcoal; charbon de bois,,,Uintah County; Utah,e,,R.C. Thorne,,,,,1999-06-24,4230,125,4230,125,-25,,Middle Archaic; Archaïque moyen,42UN-?,Thorne Cave,,,,Level 7; campfire in lowest habitation layer; ca. 6 ft depth; overlain by 3-4 ft of sterile sand,,,,Marwitt and Fry; 1973; Crane and Griffin; 1961: 118; Faunmap 1159
RL-352,,charcoal; charbon de bois,,,Emery County; Utah,e,,E.I. DuBloois,,,,,1999-04-02,6760,180,6760,180,,,Middle Archaic; Archaïque moyen,42EM-?,Joe's Valley Alcove,,,,Bed I; Level 2b,,,,Benedict and Olson; 1978; Tucek; 1977: 250
RL-353,,charcoal; charbon de bois,,,Emery County; Utah,e,,E.I. DuBloois,,,,,1999-04-02,6200,190,6200,190,-25,,Middle Archaic; Archaïque moyen,42EM-?,Joe's Valley Alcove,,,,Bed I; Level 3,,,,Benedict and Olson; 1978; Tucek; 1977: 250
RL-422,,charcoal; charbon de bois,,,Sevier County; Utah,e,,J.D. Jennings,,,,,,6670,180,6670,180,-25,,Middle Archaic; Archaïque moyen,42SV6,Sudden Shelter,,,Stratum 5,near bottom of stratum 5; component 1; with Pinto; Elko corner- and side-notched; Northern and Rocker side-notched; and Humboldt A-1 points,,,,Berry and Berry; 1986; Jennings et al.; 1980; Faunmap 1153
RL-1240,,charcoal; charbon de bois,,,Sevier County; Utah,a,,E.I. DeBloois,,,,,,4270,210,4270,210,-25,,Middle Archaic; Archaïque moyen,42SV1325,Aspen Shelter,,,,base of cultural deposits with gypsum projectile points,,,,Cordell; 1981: 213; James and Pecotte; 1983: 36; Faunmap 1233
SI-2420,,plant remains; restes de plantes,Yucca harrimaniae,,Upper Barrier Canyon; Wayne County; Utah,e,,J.D. Jennings,,,,,,,,6675,75,-24.3,,Middle Archaic; Archaïque moyen,42WN420,Cowboy Cave,,,Stratum 3,stratum 3i; sandal fragment from ashy midden fill (FS 485); with Northern side-notched and Elko points,,,,Geib; 1996; 2000; Jennings; 1980; Faunmap 1069
SI-2421,2158,charcoal; charbon de bois,,,Upper Barrier Canyon; Wayne County; Utah,e,,J.D. Jennings,,,,,,6390,70,6390,70,-25,,Middle Archaic; Archaïque moyen,42WN420,Cowboy Cave,,,Stratum 3,"stratum 4a; ""sterile"" red sand layer; actually part of the early Archaic occupancy of the cave",,,,Jennings; 1980; Faunmap 1069; Geib; 1996
Tx-1260,,plant remains; restes de plantes,Yucca sp. leaves,,7.5 miles northeast of the summit of Navajo Mountain; Rainbow Plateau; San Juan County; Utah,e,,A.J. Lindsay,,,,,1999-03-05,,,6840,130,-25,,Middle Archaic; Archaïque moyen,42SA-?,Dust Devil Cave (NA7613),,,,warp-faced plain weave sandal; top of stratum 4; square F9; Desha complex,,,,Benedict and Olson; 1978; Geib; 1996; 2000; Valastro et al.; 1975: 91
Tx-1261,,charcoal; charbon de bois,,,7.5 miles northeast of the summit of Navajo Mountain; Rainbow Plateau; San Juan County; Utah,e,,A.J. Lindsay,,,,,1999-03-05,6740,110,6740,110,-25,,Middle Archaic; Archaïque moyen,42SA-?,Dust Devil Cave (NA7613),,,,square F9; Hearth 35; top of stratum 4; Desha complex,,,,Benedict and Olson; 1978; Valastro et al.; 1975: 91; Geib; 1976; 1996
UGa-637,13,charred wood; bois carbonisé,,,Upper Barrier Canyon; Wayne County; Utah,e,,J.D. Jennings,,,,,,6830,80,6830,80,-25,,Middle Archaic; Archaïque moyen,42WN420,Cowboy Cave,,,Stratum 3,stratum 3?; recovered during preliminary testing,,,,Jennings; 1980; Faunmap 1069; Geib; 1996
UGa-906,,charcoal; charbon de bois,,,Sevier County; Utah,e,,J.D. Jennings,,,,,,6310,240,6310,240,-25,,Middle Archaic; Archaïque moyen,42SV6,Sudden Shelter,,,Stratum 8,near bottom of stratum 8; dating end of component 1; with Elko corner- and side-notched points,,,,Berry and Berry; 1986; Jennings et al.; 1980; Faunmap 1153
W-1359,,charcoal; charbon de bois,,,Uintah County; Utah,e,,H.E. Malde,,,,,1999-07-02,4170,250,4170,250,-25,,Middle Archaic; Archaïque moyen,42UN-?,Thorne Cave,,,,Level 7; lowest habitation layer; ca. 6 ft depth; overlain by 3-4 ft of sterile sand,,,,Marwitt and Fry; 1973; Faunmap 1159; Levin et al.; 1965: 385
Beta-20704,,mammoth bone; os de mammouth,Mammuthus sp.,,Glen Canyon National Recreation Area; Kane County; Utah,a,,J.I. Mead,,,,,,,,10505,260,,,palaeobiology; anomalous; young; paléobiologie; anormal; jeune,42KA-VP,Shrubox Alcove,,,,skeleton at the base of laminated lacustrine and fluvial sediments; well below the dung bolus dated by Beta-20705,,,,Mead and Agenbroad; 1992
A-526,,horse feces; fèces de cheval,Equus sp.,,Glen Canyon; San Juan County; Utah,e,,P.S. Martin,,,,,1999-07-07,24700,1400,24700,1400,-25,,palaeobiology; paléobiologie,42SA374,Oakleaf Alcove,,,,tentatively identified bolus; entirely consumed for dating,,,,Haynes et al.; 1966: 9; 1967: 12; Mead and Agenbroad; 1992
A-1653,,feces; fèces,Bison? sp.,,Upper Barrier Canyon; Wayne County; Utah,e,,J.D. Jennings,,,,,,12070,210,12070,210,,,palaeobiology; paléobiologie,42WN420,Cowboy Cave,,,Stratum 1,stratum 1b; probably disaggregated bison dung boluses,,,,Meltzer and Mead; 1985; Mead and Agenbroad; 1992; Agenbroad and Mead; 1989; Jennings; 1980; Faunmap 1069
A-1654,,feces; fèces,Bison? sp.,,Upper Barrier Canyon; Wayne County; Utah,e,,J.D. Jennings,,,,,,13040,440,13040,440,,,palaeobiology; paléobiologie,42WN420,Cowboy Cave,,,Stratum 1,stratum 1b; probably disaggregated bison dung boluses,,,,Meltzer and Mead; 1985; Mead and Agenbroad; 1992; Agenbroad and Mead; 1989; Jennings; 1980; Faunmap 1069
A-1660,,mammoth feces; fèces de mammouth,Mammuthus sp.,,Upper Barrier Canyon; Wayne County; Utah,e,,J.D. Jennings,,,,,,11020,180,11020,180,,,palaeobiology; paléobiologie,42WN420,Cowboy Cave,,,Stratum 1,stratum 1b,,,,Meltzer and Mead; 1985; Agenbroad and Mead; 1989; Jennings; 1980; Faunmap 1069
A-1800,,feces; fèces,Bison? sp.,,Upper Barrier Canyon; Wayne County; Utah,e,,J.D. Jennings,,,,,,12320,160,12320,160,,,palaeobiology; paléobiologie,42WN420,Cowboy Cave,,,Stratum 1,stratum 1b; probably disaggregated bison dung boluses,,,,Meltzer and Mead; 1985; Mead and Agenbroad; 1992; Agenbroad and Mead; 1989; Jennings; 1980; Faunmap 1069
A-3212,,mammoth feces; fèces de mammouth,Mammuthus sp.?,,southern Waterpocket Fold; Kane County; Utah,a,,O.K. Davis,,,,,,,,11670,300,-23.2,,palaeobiology; paléobiologie,42KA2546,Bechan Cave,,,,sample pit M; bolus M-1 of mammoth? dung,,,,Mead and Agenbroad; 1992; Davis et al.; 1984; 1985; Faunmap 1055
A-3213,,mammoth feces; fèces de mammouth,Mammuthus sp.?,,southern Waterpocket Fold; Kane County; Utah,a,,O.K. Davis,,,,,,,,12900,160,-23.2,,palaeobiology; paléobiologie,42KA2546,Bechan Cave,,,,sample pit M; bolus M-2 of mammoth(?) dung,,,,Mead and Agenbroad; 1992; Faunmap 1055; Davis et al.; 1984
A-3296,,mammoth feces; fèces de mammouth,Mammuthus sp.?,,southern Waterpocket Fold; Kane County; Utah,a,,O.K. Davis,,,,,,,,11850,160,-25.7,,palaeobiology; paléobiologie,42KA2546,Bechan Cave,,,,test pit 1; 11N/1E; middle to base of dung unit; fragments of mammoth(?) dung,,,,Mead and Agenbroad; 1992; Faunmap 1055; Davis et al.; 1984
A-3297,,feces; fèces,,,southern Waterpocket Fold; Kane County; Utah,a,,O.K. Davis,,,,,,,,12400,250,-21.9,,palaeobiology; paléobiologie,42KA2546,Bechan Cave,,,,test pit 1; 11N/1E; top of dung unit; loose material,,,,Mead and Agenbroad; 1992; Faunmap 1055; Davis et al.; 1984
A-3298,,mammoth feces; fèces de mammouth,Mammuthus sp.?,,southern Waterpocket Fold; Kane County; Utah,a,,O.K. Davis,,,,,,,,12620,220,-18.4,,palaeobiology; paléobiologie,42KA2546,Bechan Cave,,,,test pit 1; 10N/2E; base of dung unit; fragment of mammoth(?) bolus,,,,Mead and Agenbroad; 1992; Faunmap 1055; Davis et al.; 1984
A-3514,,plant remains; restes de plantes,Quercus sp.,,southern Waterpocket Fold; Kane County; Utah,a,,O.K. Davis,,,,,,,,16700,250,,,palaeobiology; paléobiologie,42KA2546,Bechan Cave,,,,oak twig recovered loose from the organic unit; indicating that plant remains were deposited before the beginning of most dung deposition,,,,Mead and Agenbroad; 1992; Davis et al.; 1985
AA-1109,,plant remains; restes de plantes,grass culms,,southern Waterpocket Fold; Kane County; Utah,a,,O.K. Davis,,,,,,,,12470,140,,,palaeobiology; paléobiologie,42KA2546,Bechan Cave,,,,extracted from a mammoth bolus in dung group 2,,,,Faunmap 1055; Mead and Agenbroad; 1992
AA-1110,,plant remains; restes de plantes,Atriplex sp.,,southern Waterpocket Fold; Kane County; Utah,a,,O.K. Davis,,,,,,,,12390,120,,,palaeobiology; paléobiologie,42KA2546,Bechan Cave,,,,extracted from a mammoth bolus in dung group 2,,,,Faunmap 1055; Mead and Agenbroad; 1992
AA-1111,,plant remains; restes de plantes,grass culms,,southern Waterpocket Fold; Kane County; Utah,a,,O.K. Davis,,,,,,,,13040,280,,,palaeobiology; paléobiologie,42KA2546,Bechan Cave,,,,extracted from a mammoth bolus in dung group 3,,,,Faunmap 1055; Mead and Agenbroad; 1992
AA-1112,,plant remains; restes de plantes,Atriplex sp.,,southern Waterpocket Fold; Kane County; Utah,a,,O.K. Davis,,,,,,,,12430,300,,,palaeobiology; paléobiologie,42KA2546,Bechan Cave,,,,extracted from a mammoth bolus in dung group 2,,,,Faunmap 1055; Mead and Agenbroad; 1992
AA-1113,,plant remains; restes de plantes,grass culms,,southern Waterpocket Fold; Kane County; Utah,a,,O.K. Davis,,,,,,,,12090,210,,,palaeobiology; paléobiologie,42KA2546,Bechan Cave,,,,extracted from a mammoth bolus in dung group 2,,,,Faunmap 1055; Mead and Agenbroad; 1992
AA-1114,,plant remains; restes de plantes,sedge achenes,,southern Waterpocket Fold; Kane County; Utah,a,,O.K. Davis,,,,,,,,12320,160,,,palaeobiology; paléobiologie,42KA2546,Bechan Cave,,,,extracted from a mammoth bolus in dung group 2,,,,Faunmap 1055; Mead and Agenbroad; 1992
AA-1116,,plant remains; restes de plantes,grass culms,,southern Waterpocket Fold; Kane County; Utah,a,,O.K. Davis,,,,,,,,12610,140,,,palaeobiology; paléobiologie,42KA2546,Bechan Cave,,,,extracted from a mammoth bolus in dung group 2,,,,Faunmap 1055; Mead and Agenbroad; 1992
AA-1117,,plant remains; restes de plantes,Atriplex sp.,,southern Waterpocket Fold; Kane County; Utah,a,,O.K. Davis,,,,,,,,12620,130,,,palaeobiology; paléobiologie,42KA2546,Bechan Cave,,,,extracted from a mammoth bolus in dung group 2,,,,Faunmap 1055; Mead and Agenbroad; 1992
AA-1119,,plant remains; restes de plantes,grass culms,,southern Waterpocket Fold; Kane County; Utah,a,,O.K. Davis,,,,,,,,12430,150,,,palaeobiology; paléobiologie,42KA2546,Bechan Cave,,,,extracted from a mammoth bolus in dung group 2,,,,Faunmap 1055; Mead and Agenbroad; 1992
AA-1120,,plant remains; restes de plantes,grass culms,,southern Waterpocket Fold; Kane County; Utah,a,,O.K. Davis,,,,,,,,12880,140,,,palaeobiology; paléobiologie,42KA2546,Bechan Cave,,,,extracted from a mammoth bolus in dung group 2,,,,Faunmap 1055; Mead and Agenbroad; 1992
AA-1121,,plant remains; restes de plantes,Atriplex sp.,,southern Waterpocket Fold; Kane County; Utah,a,,O.K. Davis,,,,,,,,12570,130,,,palaeobiology; paléobiologie,42KA2546,Bechan Cave,,,,extracted from a mammoth bolus in dung group 2,,,,Faunmap 1055; Mead and Agenbroad; 1992
AA-1122,,plant remains; restes de plantes,sedge achenes,,southern Waterpocket Fold; Kane County; Utah,a,,O.K. Davis,,,,,,,,12390,140,,,palaeobiology; paléobiologie,42KA2546,Bechan Cave,,,,extracted from a mammoth bolus in dung group 2,,,,Faunmap 1055; Mead and Agenbroad; 1992
AA-1123,,plant remains; restes de plantes,grass culms,,southern Waterpocket Fold; Kane County; Utah,a,,O.K. Davis,,,,,,,,11870,140,,,palaeobiology; paléobiologie,42KA2546,Bechan Cave,,,,extracted from a mammoth bolus in dung group 1,,,,Faunmap 1055; Mead and Agenbroad; 1992
AA-1124,,plant remains; restes de plantes,Atriplex sp.,,southern Waterpocket Fold; Kane County; Utah,a,,O.K. Davis,,,,,,,,12570,100,,,palaeobiology; paléobiologie,42KA2546,Bechan Cave,,,,extracted from a mammoth bolus in dung group 2,,,,Faunmap 1055; Mead and Agenbroad; 1992
Beta-2829,,mammoth bone collagen; collagène osseux de mammouth,Mammuthus sp.,,Grand County; Utah,a,,L.D. Agenbroad,,,,,,,,12800,370,,,palaeobiology; paléobiologie,42GR-?,Professor Valley,,,,alluvium,,,,Agenbroad and Mead; 1989; Faunmap 2792
Beta-14420,,feces; fèces,"""Euceratherium"" sp.",,Glen Canyon National Recreation Area; Kane County; Utah,a,,J.I. Mead,,,,,,,,20930,400,,,palaeobiology; paléobiologie,42KA-VP,Shrubox Alcove,,,,roof spall and eolian sediments unconformably overlying stratified alluvium,,,,Mead and Agenbroad; 1986; 1992
Beta-14422,,mammoth feces; fèces de mammouth,Mammuthus sp.,,Glen Canyon National Recreation Area; Kane County; Utah,a,,J.I. Mead,,,,,,,,28290,2100,,,palaeobiology; paléobiologie,42KA-VP,Shrubox Alcove,,,,dung bolus from the slop,,,,Agenbroad and Mead; 1989; Mead and Agenbroad; 1986; 1992; Faunmap 1449
Beta-14727,,plant remains; restes de plantes,Pseudotsuga menziesii needles and Acer sp. seeds,,Glen Canyon National Recreation Area; Garfield County?; Utah,a,,J.I. Mead,,,,,,,,11790,190,,,palaeobiology; paléobiologie,42GA-VP,BF Alcove,,,,associated with two dung pellets as large as a camel's (Camelops),,,,Mead and Agenbroad; 1986; 1992
Beta-18269,,feces; fèces,"""Euceratherium""",,southern Waterpocket Fold; Kane County; Utah,a,,J.I. Mead,,,,,,,,11630,150,,,palaeobiology; paléobiologie,42KA2546,Bechan Cave,,,,a spring-green mass containing pellet forms,,,,Mead and Agenbroad; 1992
Beta-20705,,mammoth feces; fèces de mammouth,Mammuthus sp.,,Glen Canyon National Recreation Area; Kane County; Utah,a,,J.I. Mead,,,,,,,,16630,280,,,palaeobiology; paléobiologie,42KA-VP,Shrubox Alcove,,,,portion of a larger mammoth dung bolus that was deflating out of loose to slightly compacted sand at the horizontal surface of the alcove,,,,Mead and Agenbroad; 1992; Faunmap 1448
Beta-20995,,plant remains; restes de plantes,Pseudotsuga menziesii,,Glen Canyon National Recreation Area; Garfield County?; Utah,a,,J.I. Mead,,,,,,,,12130,170,,,palaeobiology; paléobiologie,42GA-VP,BF Alcove,,,,associated with two dung pellets as large as a camel's (Camelops),,,,Mead and Agenbroad; 1992
Beta-20996,,mammoth feces; fèces de mammouth,Mammuthus sp.,,Glen Canyon National Recreation Area; Kane County; Utah,a,,J.I. Mead,,,,,,,,26140,670,,,palaeobiology; paléobiologie,42KA-VP,Shrubox Alcove,,,,dung bolus from slope; 10.1 m depth,,,,Mead and Agenbroad; 1992; Faunmap 1449
Beta-22999,,bison feces; fèces de bison,Bison sp.,,Glen Canyon National Recreation Area; Kane County; Utah,a,,J.I. Mead,,,,,,,,15270,120,,,palaeobiology; paléobiologie,42KA-VP,Shrubox Alcove,,,,single bolus from slope; 3 m depth,,,,Mead and Agenbroad; 1992
Beta-23322,,feces; fèces,"""Euceratherium"" sp.",,Glen Canyon National Recreation Area; Kane County; Utah,a,,J.I. Mead,,,,,,,,18320,290,,,palaeobiology; paléobiologie,42KA-VP,Shrubox Alcove,,,,pellets from slope; 3.48 m depth,,,,Mead and Agenbroad; 1992
Beta-23323,,bison feces; fèces de bison,Bison sp.,,Kane County; Utah,a,,J.I. Mead,,,,,,,,18840,350,,,palaeobiology; paléobiologie,42KA-VP,Shrubox Alcove,,,,single; large dung bolus of pie consistency and shape,,,,Mead and Agenbroad; 1992; Faunmap 2794
Beta-23710,,packrat midden; fumier de rat,Neotoma sp.,,Kane County; Utah,a,,J.I. Mead,,,,,,,,13110,100,,,palaeobiology; paléobiologie,42KA-VP,Shrubox Alcove,,,,upper deposits; fluvial and eolian sediments; and roof spall,,,,Mead and Agenbroad; 1992; Faunmap 2794
Beta-24422,ETH-3893,mammoth bone collagen; collagène osseux de mammouth,Mammuthus sp. tusk,,Grand County; Utah,a,,L.D. Agenbroad,,,,,,,,10350,110,,,palaeobiology; paléobiologie,42GR-?,Professor Valley,,,,alluvium,,,,Agenbroad and Mead; 1989; Faunmap 2793
Beta-25411,,wood; bois,Quercus sp. twigs,,Kane County; Utah,a,,J.I. Mead,,,,,,,,12010,110,,,palaeobiology; paléobiologie,42KA-VP,Shrubox Alcove,,,,upper deposits; fluvial and eolian sediments; and roof spall,,,,Mead and Agenbroad; 1992; Faunmap 2794
Beta-25412,,wood; bois,Quercus sp. twigs,,Kane County; Utah,a,,J.I. Mead,,,,,,,,10630,110,,,palaeobiology; paléobiologie,42KA-VP,Shrubox Alcove,,,,upper deposits; fluvial and eolian sediments; and roof spall,,,,Mead and Agenbroad; 1992; Faunmap 2794
Beta-25413,,wood; bois,Quercus sp. twig,,Glen Canyon National Recreation Area; Kane County; Utah,a,,J.I. Mead,,,,,,,,23100,660,,,palaeobiology; paléobiologie,42KA-VP,Shrubox Alcove,,,,bottom of a sequence of eolian and roof spall layers containing oak twigs and dung pellets,,,,Mead and Agenbroad; 1992
Beta-25416,,wood; bois,Quercus sp. 2 twigs (0.5 g C),,Glen Canyon National Recreation Area; Kane County; Utah,a,,J.I. Mead,,,,,,,,12690,180,,,palaeobiology; paléobiologie,42KA-VP,Shrubox Alcove,,,,within a sequence of eolian and roof spall layers containing oak twigs and dung pellets,,,,Mead and Agenbroad; 1992
Beta-25419,,mammoth feces; fèces de mammouth,Mammuthus sp.,,Glen Canyon National Recreation Area; Kane County; Utah,a,,J.I. Mead,,,,,,,,12010,160,,,palaeobiology; paléobiologie,42KA-VP,Shrubox Alcove,,,,one of three small fragments of what appeared to be a single crushed dung bolus; recovered from loose sand,,,,Mead and Agenbroad; 1992
Beta-25656,,wood; bois,Quercus sp. twig (0.25 g C),,Glen Canyon National Recreation Area; Kane County; Utah,a,,J.I. Mead,,,,,,,,8830,190,,,palaeobiology; paléobiologie,42KA-VP,Shrubox Alcove,,,,within a sequence of eolian and roof spall layers containing oak twigs and dung pellets,,,,Mead and Agenbroad; 1992
Beta-28790,,feces; fèces,"""Euceratherium"" (shrubox?)",,Glen Canyon; San Juan County; Utah,a,,J.I. Mead,,,,,,,,12510,190,,,palaeobiology; paléobiologie,42SA20858,Cottonwood Alcove,,,,parts of two pellets,,,,Mead and Agenbroad; 1992
Beta-122767,,ungulate feces; fèces d' ongulé,Artiodactyla,,Camels Back Ridge; Tooele County; Utah,e,,D.N. Schmitt,,,,,,,,8810,70,,,palaeobiology; paléobiologie,42TO-?,Sandwich Shelter,,,,middle of stratum 2a,,,,Schmitt et al.; 2002
Beta-144431,,coyote feces; fèces de coyote,cf. Canis latrans,,Camels Back Ridge; Tooele County; Utah,e,,D.N. Schmitt,,,,,,,,9560,40,,,palaeobiology; paléobiologie,42TO-?,Sandwich Shelter,,,,top of stratum 1; providing a minimum age for the fauna overlying Lake Bonneville gravels,,,,Schmitt et al.; 2002
GX-9371,,feces; fèces,,,southern Waterpocket Fold; Kane County; Utah,a,,O.K. Davis,,,,,,,,13505,580,,,palaeobiology; paléobiologie,42KA2546,Bechan Cave,,,,sample pit M; mixed dung blanket material,,,,Mead and Agenbroad; 1992; Faunmap 1055; Davis et al.; 1984
GX-11312,,goat feces; fèces de chèvre,Oreamnos harringtoni,,Natural Bridges National Monument; San Juan County; Utah,a,,J.I. Mead,,,,,,,,,,-25.2,,palaeobiology; paléobiologie,42SA-?,Dust Devil Cave (NA7613),,,,pellets from Layer 0; basal level in the 100-cm profile,,,,Mead and Agenbroad; 1992
GX-11313,,goat feces; fèces de chèvre,Oreamnos harringtoni,,Natural Bridges National Monument; San Juan County; Utah,a,,J.I. Mead,,,,,,,,23350,,-26,,palaeobiology; paléobiologie,42SA-?,Dust Devil Cave (NA7613),,,,pellets from Layer 2,,,,Mead and Agenbroad; 1992
UGa-636,3,feces; fèces,Bison? sp.,,Upper Barrier Canyon; Wayne County; Utah,e,,J.D. Jennings,,,,,,11810,140,11810,140,,,palaeobiology; paléobiologie,42WN420,Cowboy Cave,,,Stratum 1,stratum 1b; probably disaggregated bison dung boluses,,,,Meltzer and Mead; 1985; Mead and Agenbroad; 1992; Agenbroad and Mead; 1989; Jennings; 1980; Faunmap 1069
GX-1287,,plant remains; restes de plantes,Artemisia sp. bark,,Box Elder County; Utah,a,,C.M. Aikens,,,,,,7815,350,7815,350,-25,,Palaeoindian; Stemmed; Paléoindien,42BO36,Hogup Cave,,,Stratum 4,stratum 4; square 100L80 (FS 119),,,,Willig and Aikens; 1988: 14; Marwitt and Fry; 1973; Aikens; 1970; Faunmap 1048; Swanson and Muto; 1975: 54)
Tx-132,,charcoal; charbon de bois,,,Garfield County; Utah,e,,J.D. Jennings,,,,,,900,85,900,85,-25,,Pueblo II-III; Anasazi,42GA34,Coombs,,,,room 13; structure A; an L-shaped surface structure,,,,Marwitt and Fry; 1973; Pearson et al.; 1965: 310
Tx-133,,charred wood; bois carbonisé,,,Garfield County; Utah,e,,J.D. Jennings,,,,,,1115,85,1115,85,-25,,Pueblo II-III; Anasazi,42GA34,Coombs,,,,structure Q; a pit house,,,,Marwitt and Fry; 1973; Pearson et al.; 1965: 310
Tx-134,,charcoal; charbon de bois,,,Garfield County; Utah,e,,J.D. Jennings,,,,,,795,80,795,80,-25,,Pueblo II-III; Anasazi,42GA34,Coombs,,,,room 9; structure G; a large U-shaped structure,,,,Marwitt and Fry; 1973; Pearson et al.; 1965: 310
Tx-135,,charcoal; charbon de bois,,,Garfield County; Utah,e,,J.D. Jennings,,,,,,785,80,785,80,-25,,Pueblo II-III; Anasazi,42GA34,Coombs,,,,room 2; structure J; a 2-room surface structure,,,,Marwitt and Fry; 1973; Pearson et al.; 1965: 310